MinimumDistance,MaximumDistance,AverageDistance,StdDev,,
57.94951,133.65941,92.577095,11.423593,,
28.534742,134.45079,82.55388,17.811756,,
7.596985,98.75455,46.010666,14.082993,,
77.0862,151.20248,113.42533,11.848842,,
72.927635,158.22409,118.794304,13.823575,,
3.6103187,54.717636,35.23235,8.971846,,
30.439833,91.46957,58.410297,9.6916275,,
30.439833,91.46957,58.410297,9.6916275,,
64.73046,129.74225,95.72939,11.021963,,
38.841156,101.82879,67.79376,9.957805,,
38.841156,101.82879,67.79376,9.957805,,
33.902733,106.99018,69.65192,11.487105,,
36.57473,111.36168,73.489975,11.726107,,
65.359184,126.24886,94.060875,10.832603,,
23.415049,136.59528,81.93099,22.309755,,
25.064007,149.25058,85.81019,25.979418,,
24.19114,186.63568,105.4417,31.670292,,
5.9594297,137.81754,70.95945,24.645142,,
5.643873,127.6753,67.589485,23.69527,,
1.6286478,122.147484,56.091946,20.092093,,
2.9356582,172.9742,75.64971,32.283627,,
2.152616,114.35704,63.131496,19.453125,,
2.7576404,129.23311,60.257706,21.331352,,
5.0102954,191.57188,73.38917,31.574406,,
38.55128,128.82738,90.01589,17.813162,,
38.55128,128.82738,90.01589,17.813162,,
17.092676,141.43735,88.90133,27.414684,,
6.0963225,128.27415,69.85784,20.971025,,
6.0963225,128.27415,69.85784,20.971025,,
9.931669,154.56776,70.585205,23.422777,,
12.622329,120.79938,66.19508,20.654127,,
39.461708,142.52362,86.13353,21.111153,,
29.723219,134.53673,81.33753,21.826403,,
19.729345,134.02986,76.53478,18.503317,,
1.9534925,166.57095,83.59997,29.306498,,
151.74016,232.9747,192.87186,14.404222,,
8.180957,124.398346,64.311035,21.238672,,
166.76447,224.76721,194.25551,12.102694,,
0.53148204,52.465454,25.400051,8.638707,,
15.307577,127.83044,77.82904,30.02392,,
2.662183,76.90622,36.73408,11.835389,,
27.608467,87.21018,58.96237,11.118067,,
69.51932,133.02734,99.07846,11.239969,,
6.409111,49.859104,26.86212,8.017551,,
47.17106,106.13835,72.768105,9.685777,,
104.460434,198.15965,151.43996,16.06273,,
58.764084,108.34819,81.17549,8.742712,,
10.02451,82.80717,50.48005,11.30123,,
4.765864,85.71488,43.433895,11.760787,,
46.035233,163.75252,102.36172,22.359701,,
51.736973,172.61952,104.137184,23.436665,,
7.3030443,130.09448,60.737427,22.615898,,
2.6461105,138.54137,70.84695,22.426126,,
2.3153343,136.23561,70.19087,19.431087,,
1.5735725,152.7644,76.317345,26.896482,,
11.743433,74.95894,41.410362,10.044222,,
30.340155,134.86646,90.1373,18.81774,,
13.564412,83.06324,51.293663,12.478044,,
54.7428,136.68854,94.98994,13.614536,,
92.61639,125.07539,109.150085,6.6236515,,
45.060417,126.61883,87.125984,14.260311,,
45.060417,126.61883,87.125984,14.260311,,
136.66504,267.37518,195.79813,29.946949,,
62.685352,223.93185,145.8776,31.687014,,
61.968185,182.93484,114.003456,31.452358,,
61.968185,182.93484,114.003456,31.452358,,
61.968185,182.93484,114.003456,31.452358,,
15.079299,108.02148,58.700787,16.521832,,
8.873596,145.86122,82.50735,23.687626,,
27.121582,86.334236,54.88552,12.24658,,
18.316332,83.8833,52.193874,14.655231,,
28.091307,104.43895,60.67448,13.048471,,
51.7102,98.786995,76.253136,7.607046,,
86.12068,183.83406,136.24306,16.284576,,
31.418573,87.94555,55.730953,9.872418,,
31.418573,87.94555,55.730953,9.872418,,
1.4425747,92.43647,40.6756,16.246532,,
0.69381094,50.838814,21.994324,8.730376,,
0.83440125,50.13447,21.9219,8.608931,,
0.66281694,65.26443,23.47391,11.016537,,
5.9761987,138.70549,78.2588,24.64034,,
42.264347,99.434814,69.45838,10.081036,,
33.88181,115.87555,74.30451,12.783739,,
33.88181,115.87555,74.30451,12.783739,,
3.491194,78.3559,34.78728,18.285471,,
3.9932482,81.406815,35.249046,12.980183,,
1.5865234,76.39668,37.403683,11.984444,,
1.5163132,53.237305,23.225153,9.392731,,
1.5125726,69.90657,35.570377,14.803933,,
14.552687,85.861115,55.78165,13.626037,,
64.23639,153.445,109.92077,16.612192,,
288.10605,493.30713,381.073,37.263157,,
291.44107,426.1173,357.1898,27.909435,,
16.30936,63.50685,39.268417,7.826638,,
287.12045,483.46045,376.80634,36.268013,,
281.62732,479.83768,374.54517,36.142426,,
233.4321,412.5734,315.51086,34.103405,,
241.1303,477.19196,345.45145,38.7179,,
248.31467,488.1832,363.41174,38.95621,,
262.61896,450.1304,349.04276,35.031067,,
194.24467,383.99564,279.44382,32.230415,,
0.6695195,46.40472,20.529871,8.157142,,
11.23255,81.664154,44.939907,12.158934,,
11.23255,81.664154,44.939907,12.158934,,
1.031154,70.47952,33.726727,11.805386,,
0.79424554,96.91952,43.436848,17.140463,,
1.199102,51.10901,19.361526,8.011755,,
1.3532734,112.01109,49.397152,19.993343,,
19.68196,160.19693,93.15004,27.801382,,
24.73789,112.42567,71.61799,14.055967,,
7.7266154,151.19142,75.7737,27.23647,,
1.0810857,83.94429,41.63465,16.681087,,
14.890063,112.17522,60.502,16.155388,,
12.246419,120.399376,69.04847,20.288656,,
0.4200394,98.96954,42.920525,17.778555,,
0.4200394,98.96954,42.920525,17.778555,,
43.77636,109.85698,77.55475,10.787204,,
11.039868,111.703125,61.51458,15.718697,,
59.291805,125.7696,92.63546,12.804937,,
11.649599,70.656494,42.877625,9.837397,,
0.8104688,108.02562,47.50048,20.451895,,
0.63310534,125.40891,45.725636,19.898317,,
13.738927,92.86771,50.67777,15.998543,,
3.1646235,92.96854,34.42153,16.880892,,
0.9122382,69.0296,26.372732,10.522685,,
0.9122382,69.0296,26.372732,10.522685,,
1.4246128,102.40538,52.746136,14.473891,,
20.361559,159.39389,87.27184,24.630735,,
98.001396,220.0707,160.86774,23.158503,,
306.80402,401.6583,357.3238,18.14923,,
34.712803,110.98285,73.18299,14.172243,,
46.05321,97.714165,67.70807,8.523454,,
23.899092,55.263176,40.711407,6.0768237,,
37.13033,99.77309,66.20199,11.7836685,,
51.527508,99.73539,77.23502,8.835304,,
25.337826,120.55457,73.03155,17.520317,,
116.51085,185.11137,150.17729,13.307051,,
116.51085,185.11137,150.17729,13.307051,,
47.68709,99.16058,72.69742,9.066115,,
44.037605,133.45126,89.650795,17.55749,,
31.91379,120.774185,80.41523,14.082132,,
32.877182,92.280396,58.228188,10.283216,,
46.94854,96.53751,68.14807,10.22303,,
42.247826,102.51685,72.80314,11.783709,,
51.75368,97.28769,71.53612,8.118206,,
1.2046325,101.605835,42.61013,20.537056,,
9.773244,119.89453,58.595936,18.384163,,
5.6021123,155.23137,73.75379,40.129986,,
35.62995,111.18452,71.59657,13.657469,,
35.62995,111.18452,71.59657,13.657469,,
37.382343,118.10407,78.01835,14.249925,,
4.282739,80.25692,45.6197,13.235714,,
45.70914,99.064384,72.50967,9.409118,,
1.901564,78.662926,42.90973,12.810728,,
1.901564,78.662926,42.90973,12.810728,,
53.71063,107.86201,78.98563,9.403027,,
52.90797,112.998474,78.77389,9.9886875,,
31.003866,138.44817,90.9204,22.421616,,
60.828033,157.57433,106.84394,17.488192,,
43.570843,110.31795,70.129616,11.105702,,
41.341953,110.51546,76.36702,13.095592,,
49.06004,75.10621,61.3114,5.2810874,,
33.86257,110.25432,72.837395,13.159017,,
28.450315,98.291084,65.72797,13.316839,,
28.450315,98.291084,65.72797,13.316839,,
35.760414,138.75627,86.37715,18.692072,,
47.784927,97.32345,72.5294,9.017983,,
73.21337,176.2811,122.429985,16.33301,,
37.29305,116.18027,77.49501,13.888923,,
0.5361023,67.03759,30.311855,11.389534,,
190.00981,457.85486,322.59647,68.10138,,
0.9241569,80.10131,33.95793,14.904632,,
196.35504,432.56516,312.2943,65.82565,,
37.301884,165.9993,103.27828,23.438408,,
1.4083496,84.77296,46.366566,13.567652,,
1.4083496,84.77296,46.366566,13.567652,,
1.4083496,84.77296,46.366566,13.567652,,
30.053497,115.51676,74.34254,13.204668,,
11.852995,93.44708,45.845272,13.335368,,
41.157204,103.2423,72.84221,11.947355,,
32.878475,91.2289,62.129025,13.375143,,
3.9940882,51.210056,25.6667,9.941995,,
95.47917,233.48434,165.24002,25.5921,,
155.47177,307.0823,235.06433,26.059587,,
59.40467,288.70322,164.85036,40.29813,,
125.762634,252.58536,185.1142,25.39104,,
123.57407,246.42148,186.1667,24.341219,,
103.27547,227.15292,164.47882,24.539074,,
61.04088,249.69284,161.82799,32.399464,,
97.42408,228.156,162.66339,25.512964,,
171.58215,268.7575,219.17514,24.445433,,
27.84539,123.18221,69.835014,16.087975,,
34.023174,90.118385,63.117764,12.506703,,
325.09714,449.50925,385.08063,21.929502,,
12.1556635,203.59792,103.65171,33.37539,,
346.2166,416.14752,387.39307,14.481597,,
288.4231,387.17917,343.0079,17.600101,,
17.228851,143.87914,85.16338,26.897589,,
337.7304,485.36823,413.25162,29.606285,,
1.2579695,184.77779,78.396095,30.56414,,
274.3309,457.7282,369.88474,31.327303,,
21.45788,89.59061,57.96022,12.12721,,
21.45788,89.59061,57.96022,12.12721,,
0.4426748,54.462624,22.911667,10.507846,,
1.0080332,43.856617,16.968994,7.82424,,
3.8010578,47.35775,19.735418,7.23175,,
37.001057,68.37371,52.950424,7.3908043,,
28.167353,68.92882,54.10462,9.288755,,
38.72293,103.168175,70.64692,13.773449,,
27.211643,157.85606,90.946335,27.084558,,
26.60708,64.80203,44.66963,6.7614226,,
35.049706,86.15656,61.316254,10.0018635,,
48.05333,101.58494,75.422005,12.55914,,
4.3200994,164.38625,87.70232,26.419735,,
5.0252194,179.63332,95.582565,29.192509,,
5.0252194,179.63332,95.582565,29.192509,,
1.0633464,52.269375,21.136223,9.043985,,
11.775375,82.74048,46.43041,13.402468,,
37.339664,117.75942,74.15751,13.576868,,
1.440857,74.531265,38.231785,13.416404,,
1.440857,74.531265,38.231785,13.416404,,
51.546307,148.32951,98.88746,14.270149,,
2.5741873,63.35772,33.628353,9.59573,,
2.5741873,63.35772,33.628353,9.59573,,
280.23456,424.84357,352.71283,28.847488,,
36.011692,143.34077,85.68465,18.627104,,
52.597088,110.44086,84.58846,10.535343,,
0.9796705,45.04055,19.434177,7.708303,,
1.2161717,26.975212,12.434591,4.373789,,
31.45837,165.88684,105.12004,29.932806,,
0.8351098,110.590355,47.13399,20.04874,,
1.0972809,51.325344,21.498194,9.743006,,
22.91073,174.27283,105.82365,30.87725,,
12.396168,99.94673,57.627052,15.061849,,
1.7942978,50.697975,24.184126,8.995642,,
1.2479459,59.554485,23.019896,10.174891,,
267.96997,429.09497,349.631,30.760761,,
52.484253,186.05106,117.526215,25.39728,,
56.01213,174.11316,115.844,24.22587,,
34.32947,155.84682,97.12243,25.471098,,
156.5511,340.1072,245.98643,31.47836,,
48.341293,158.78485,106.30572,25.902353,,
27.907633,151.95964,88.4197,29.425598,,
18.186447,183.15343,106.542496,28.914629,,
46.390446,180.49847,116.91992,25.187069,,
19.269339,153.08482,86.31772,28.09235,,
38.553204,230.85895,133.8514,35.638668,,
32.274994,162.97035,95.61316,22.75875,,
32.274994,162.97035,95.61316,22.75875,,
1.5298822,94.16165,43.034637,17.026968,,
1.2620705,83.99363,43.434322,13.849382,,
1.2620705,83.99363,43.434322,13.849382,,
388.9061,603.6395,480.38565,49.682373,,
1.2446759,56.086506,24.467474,10.517106,,
10.1739025,101.56843,57.880943,16.093657,,
0.66866726,38.932194,15.579004,5.9953313,,
0.7510813,55.064297,26.570362,9.245416,,
0.7510813,55.064297,26.570362,9.245416,,
155.42807,183.38715,169.39093,6.093279,,
1.9832069,49.118107,27.16682,8.794072,,
22.469515,112.750145,63.64788,19.573103,,
25.930866,99.9393,61.99252,11.537834,,
1.4945862,78.96065,42.838284,13.797246,,
9.462678,83.015884,44.25492,10.855163,,
17.181889,112.29677,62.863544,14.555935,,
72.332954,161.30467,114.60506,12.881059,,
3.2459846,95.37832,60.967545,13.415117,,
2.9417303,115.55058,56.025528,28.133066,,
3.3991082,114.4865,58.53787,20.504808,,
50.987747,106.73797,73.303024,12.910938,,
6.9055886,61.798252,31.62146,8.336846,,
15.281386,193.11908,104.67249,29.95631,,
74.551186,181.81117,131.64299,18.231874,,
1.2387531,134.99484,49.976536,23.372044,,
272.6066,477.62424,384.07883,31.621105,,
1.6643816,149.22891,73.863846,24.393091,,
4.963002,136.10744,72.40178,22.912733,,
0.76896095,115.71108,54.435795,20.931036,,
419.35495,514.2138,469.18213,15.825152,,
0.43358037,59.99842,22.839684,9.055332,,
1.4770074,48.760143,20.939249,7.8929114,,
58.43555,260.7306,160.53188,37.3317,,
419.35495,514.2138,469.18213,15.825152,,
0.43358037,59.99842,22.839684,9.055332,,
1.4770074,48.760143,20.939249,7.8929114,,
58.43555,260.7306,160.53188,37.3317,,
1.9332802,83.633316,40.19661,14.414681,,
346.46423,469.87726,408.14505,20.274008,,
346.46423,469.87726,408.14505,20.274008,,
2.737797,119.17228,54.840622,25.97624,,
26.58109,89.3667,57.619312,14.495757,,
31.381226,157.12671,95.86038,20.78758,,
16.683311,177.67285,75.30206,30.506187,,
1.2105902,179.30577,86.23156,32.01057,,
112.250595,211.27654,157.73096,17.447977,,
161.71277,264.69623,212.13121,17.60925,,
136.26718,216.02219,173.672,15.841738,,
184.16489,295.40118,237.09802,19.008837,,
62.23898,220.93678,140.19821,32.99969,,
147.74724,244.7825,194.29904,17.020512,,
138.54489,255.14322,195.18266,20.143269,,
138.54489,255.14322,195.18266,20.143269,,
128.76903,317.9344,206.70782,37.33916,,
123.92417,233.66698,173.80887,23.734026,,
211.75427,281.5074,245.66737,14.1024,,
36.35952,125.34123,77.92107,16.763346,,
79.934685,170.2357,123.234726,15.240878,,
42.24015,155.56297,92.67228,17.862524,,
1.1302552,101.3796,41.368607,21.78376,,
84.47368,154.30865,120.36586,11.452037,,
22.945362,106.47601,63.83539,20.620152,,
42.59721,141.51491,85.383156,14.938534,,
1.191508,90.50956,39.733322,14.121992,,
23.307333,115.16284,70.34534,16.787712,,
23.307333,115.16284,70.34534,16.787712,,
19.874853,133.89693,81.28611,17.23697,,
135.33507,335.6282,222.28511,33.30662,,
29.403952,148.86734,94.09259,18.739098,,
33.027813,141.71492,82.66058,18.263151,,
55.768295,169.30484,114.69295,21.091982,,
37.066814,168.88907,102.403015,20.657187,,
66.03529,165.72939,115.23088,28.509043,,
50.723564,145.77348,96.63498,14.582329,,
1.080134,68.81824,31.104544,13.063115,,
0.5683419,87.92799,38.79252,15.458118,,
17.671255,133.37892,76.405106,22.968445,,
93.733604,182.5399,136.10652,14.0903635,,
4.5641756,84.595795,42.476177,12.898841,,
17.27037,93.26538,55.38015,20.256884,,
29.638199,104.88722,65.34417,12.940081,,
0.5208261,112.1487,49.069004,20.771051,,
20.538895,110.91797,65.09497,14.686882,,
0.668237,58.422382,29.839815,9.692015,,
3.5407703,135.56331,72.86845,23.173042,,
1.6350427,123.953156,58.727825,20.118666,,
1.0372908,153.05615,65.41768,31.245594,,
7.88551,127.55193,75.396225,27.820448,,
28.468538,107.45702,68.589005,12.936209,,
113.94053,154.1403,134.40466,8.3559265,,
79.054634,129.74268,105.403824,11.414076,,
16.819828,103.48279,64.207405,14.465277,,
55.557163,157.50409,106.291664,22.189314,,
73.815735,168.543,119.00055,14.192337,,
93.98904,185.45348,139.4764,15.714178,,
133.71559,182.355,156.7362,10.115858,,
94.176384,169.75093,128.19916,12.097078,,
17.890717,198.00339,97.37366,37.98862,,
12.707245,95.84971,55.781307,13.366755,,
49.325935,144.9828,100.0728,16.322544,,
150.1799,256.35297,204.43697,18.126945,,
45.33497,153.9823,90.30346,18.906538,,
26.606802,104.97249,62.58699,13.650124,,
49.38247,118.921844,86.59599,14.44353,,
5.573873,79.50166,29.98268,15.389891,,
84.30128,164.81499,128.50935,16.108736,,
27.441502,113.165886,52.97358,16.343592,,
20.818157,66.87757,41.50772,9.143465,,
80.4578,158.50397,124.64852,13.769975,,
3.6879137,68.70961,33.555115,11.103356,,
1.147625,99.89771,43.175713,16.505354,,
22.020647,117.64149,68.36332,16.407515,,
1.9281083,86.93961,44.27782,14.899122,,
0.7319396,112.8068,59.481853,20.840305,,
12.588589,156.13335,86.98767,28.043892,,
100.93271,116.19168,108.13608,3.1742215,,
100.93271,116.19168,108.13608,3.1742215,,
81.171585,140.3539,113.46759,12.402168,,
92.71394,131.25905,112.274994,8.810504,,
91.8255,160.26096,127.937096,11.778272,,
78.54499,123.01397,99.33243,8.470561,,
114.40899,222.1774,171.48215,24.952015,,
98.31204,132.78471,114.92744,7.409553,,
98.31204,132.78471,114.92744,7.409553,,
28.271534,157.02217,82.40496,30.501234,,
4.7800636,104.695015,54.24524,22.119055,,
4.7800636,104.695015,54.24524,22.119055,,
2.6590714,106.16362,53.697548,24.31044,,
2.6590714,106.16362,53.697548,24.31044,,
2.6590714,106.16362,53.697548,24.31044,,
6.783145,36.792866,19.828611,5.9778886,,
8.589241,100.833336,58.387424,20.242876,,
8.589241,100.833336,58.387424,20.242876,,
8.589241,100.833336,58.387424,20.242876,,
75.897194,195.92139,140.82164,23.827656,,
4.3531523,110.98258,52.204685,28.43601,,
2.0684724,51.10736,23.999384,9.216014,,
1.2581916,70.71641,32.649185,13.275345,,
13.063276,171.29155,94.17454,45.59697,,
2.1813908,30.831556,13.968857,6.0420356,,
4.1301427,80.75056,31.585176,11.020546,,
437.94897,528.7084,478.63074,14.076256,,
438.5886,513.6217,476.01132,12.7251835,,
245.63512,420.3575,332.781,27.637142,,
400.81192,483.87433,441.9753,13.704942,,
400.81192,483.87433,441.9753,13.704942,,
0.505511,41.079586,16.138327,6.674496,,
1.4322375,53.856777,21.282259,8.647287,,
13.742413,79.87361,44.278458,11.487298,,
13.742413,79.87361,44.278458,11.487298,,
363.73264,478.43787,416.52026,18.858475,,
55.889626,133.48485,93.22583,13.546931,,
14.735497,69.28764,41.020164,10.007511,,
25.164932,126.68829,73.21724,15.973946,,
25.164932,126.68829,73.21724,15.973946,,
46.419815,110.33759,77.88695,11.447729,,
0.7718819,121.600945,56.551914,21.558353,,
0.97337914,69.594,30.136908,11.016308,,
22.612144,109.381096,67.22285,15.543325,,
104.46492,200.76744,147.77235,17.28361,,
42.971466,171.00755,98.14781,21.887207,,
4.698248,113.14095,54.069103,22.366127,,
295.00293,434.07764,362.7266,28.643269,,
35.274105,121.09754,74.69855,17.522964,,
12.252573,92.78594,47.94484,13.902713,,
4.203986,130.47937,56.386627,18.360336,,
4.7237015,155.21263,73.625984,21.256496,,
4.7237015,155.21263,73.625984,21.256496,,
48.15337,173.29465,105.805954,19.340714,,
16.075266,139.9424,83.54806,21.450155,,
18.480125,156.21857,94.52134,20.84239,,
85.49582,270.1054,181.26537,32.21604,,
0.73128146,192.84831,79.91327,33.660336,,
34.629566,143.96747,85.41645,19.015215,,
23.699451,207.77104,121.63758,26.302065,,
40.69979,185.8815,117.63507,24.149109,,
55.29127,152.44838,105.229065,18.011856,,
54.02479,223.62352,143.87392,29.538797,,
52.851917,180.13661,118.47269,25.300898,,
0.4792295,174.84346,76.86898,27.907948,,
125.272804,233.87294,176.4112,16.26029,,
101.23694,268.6145,185.91316,26.835556,,
33.569057,158.35675,95.75132,22.290998,,
64.5676,189.1124,127.43148,23.106401,,
62.4905,136.34938,94.26297,12.791531,,
62.4905,136.34938,94.26297,12.791531,,
62.4905,136.34938,94.26297,12.791531,,
62.488735,115.73616,87.29905,10.462487,,
63.926865,138.16922,100.23352,13.088177,,
68.87818,162.0545,116.381874,15.809885,,
59.05464,157.54929,108.13047,17.256153,,
1.0557888,98.24945,47.284332,14.885379,,
10.244643,166.28226,92.27264,24.830982,,
5.171151,86.46522,45.051052,13.16618,,
2.0424004,83.07523,38.683945,14.24246,,
5.967208,91.733215,42.69185,15.6384,,
5.2294226,97.93883,46.175682,16.112356,,
23.997166,94.75389,59.72723,13.295859,,
0.5549501,76.08525,35.334595,14.547117,,
0.5549501,76.08525,35.334595,14.547117,,
0.5549501,76.08525,35.334595,14.547117,,
0.5549501,76.08525,35.334595,14.547117,,
0.5549501,76.08525,35.334595,14.547117,,
0.5549501,76.08525,35.334595,14.547117,,
0.5549501,76.08525,35.334595,14.547117,,
0.5549501,76.08525,35.334595,14.547117,,
0.5549501,76.08525,35.334595,14.547117,,
0.5549501,76.08525,35.334595,14.547117,,
0.5549501,76.08525,35.334595,14.547117,,
39.675175,273.25598,154.21443,50.06422,,
24.208244,245.03035,135.48639,47.530758,,
24.208244,245.03035,135.48639,47.530758,,
0.500937,192.57404,80.95213,43.11478,,
0.500937,192.57404,80.95213,43.11478,,
1.742752,172.36392,70.75073,34.107002,,
10.132497,175.95563,86.95991,44.130653,,
25.473091,166.95407,93.7995,31.308619,,
25.473091,166.95407,93.7995,31.308619,,
0.9154521,167.55316,86.15806,39.483635,,
0.9154521,167.55316,86.15806,39.483635,,
6.162431,221.39534,110.84953,51.343376,,
0.7118038,105.35346,51.603535,19.009472,,
1.0163596,130.48485,66.79465,19.786537,,
9.329716,125.5345,64.552666,19.747917,,
9.329716,125.5345,64.552666,19.747917,,
187.2533,330.4626,259.91745,26.065222,,
1.276235,91.810234,35.50484,17.6516,,
1.276235,91.810234,35.50484,17.6516,,
1.276235,91.810234,35.50484,17.6516,,
1.276235,91.810234,35.50484,17.6516,,
9.649854,87.322586,44.16428,14.25636,,
2.0858414,161.4109,69.44062,26.67747,,
93.367584,208.34047,145.46866,19.44748,,
56.00019,144.63846,106.468315,13.591816,,
0.7186898,56.646057,19.768803,9.230097,,
7.2342806,78.32861,50.181263,11.245697,,
43.487133,111.51659,75.411644,11.9724455,,
25.64518,251.5508,138.98004,50.164654,,
19.720428,87.56998,50.380615,11.428385,,
14.167366,141.98763,75.76536,23.928585,,
1.0421835,42.845474,16.665037,7.0404286,,
78.60667,256.556,167.85155,35.13603,,
35.784477,86.04439,60.276062,9.115143,,
0.4911996,82.324585,22.255566,14.1048355,,
30.968271,127.66216,81.64501,18.173475,,
1.4637792,46.347637,23.537746,8.33181,,
7.5990195,80.1392,44.627758,12.281327,,
26.881214,104.74417,64.10901,11.001348,,
15.389564,88.60563,56.86795,10.60002,,
11.401681,111.627525,60.467255,18.142242,,
70.88692,260.18365,168.35072,35.637794,,
81.961395,259.48932,170.85474,35.96989,,
40.23642,246.87619,150.86003,36.51258,,
29.371996,160.54567,94.61551,25.94083,,
15.413911,119.07153,68.5345,21.788202,,
169.84369,211.77582,188.3937,9.051358,,
1.0173075,93.25408,42.7915,17.245733,,
1.0173075,93.25408,42.7915,17.245733,,
41.771416,106.68004,65.44727,13.799488,,
286.44046,455.33722,363.095,29.501871,,
6.9199014,106.45636,48.574837,22.653664,,
233.17572,378.1323,294.09708,27.224123,,
267.6213,378.4406,315.5007,19.818476,,
44.800888,172.83395,109.22529,20.082514,,
1.3889616,113.48818,46.682365,20.328623,,
14.463104,123.67575,65.39096,25.421343,,
37.7919,135.08849,88.33319,25.669096,,
58.526615,196.80289,131.5089,21.891687,,
54.06871,100.45344,78.40332,9.404499,,
1.8815099,143.28616,72.86674,34.579865,,
38.845436,147.91313,87.43227,18.943052,,
62.904198,119.974236,90.186226,10.827328,,
26.483631,104.94996,66.40135,13.067085,,
58.062218,123.37345,87.386406,11.146595,,
3.7506862,86.69845,47.67346,18.39111,,
38.296097,219.34145,135.80183,34.372765,,
290.5415,430.48392,360.2913,28.01884,,
40.349674,137.39082,93.17318,14.707454,,
65.50986,150.33955,110.66143,12.313387,,
32.964314,122.678444,70.812836,15.513866,,
2.333315,154.99178,75.21547,26.793465,,
1.6243107,161.41643,81.572235,30.651339,,
159.78754,302.20718,233.7026,21.391916,,
245.65431,413.71173,327.2676,30.397266,,
18.911861,91.48208,52.97661,10.403223,,
3.931206,46.87625,23.522505,7.821123,,
5.1830015,83.433846,47.18426,12.267668,,
29.171333,77.233894,55.493603,9.016643,,
19.357447,71.153465,47.2426,9.496359,,
21.96083,116.13954,72.3183,16.400938,,
5.9248524,151.7229,67.48593,20.606024,,
5.9248524,151.7229,67.48593,20.606024,,
14.9816,144.55531,80.68192,21.897776,,
59.400917,182.82758,122.364265,22.618917,,
119.37106,245.36311,180.42441,19.961061,,
100.39158,197.60664,146.2474,18.19221,,
1.6136651,153.69345,71.43492,27.220394,,
58.73124,142.03061,103.68223,12.808239,,
1.3996241,61.471245,31.004442,10.096194,,
37.51076,156.93861,95.31122,17.72675,,
53.35276,159.54861,109.64875,15.464368,,
1.651658,203.9747,103.765976,37.981068,,
1.3320798,119.87285,52.571472,18.940948,,
46.26133,120.00928,82.9693,12.40105,,
59.82771,160.39482,104.71798,15.89811,,
37.8779,125.15196,75.43052,16.056799,,
25.191607,88.16971,59.17027,11.596543,,
0.12698449,74.94155,32.803738,12.703609,,
0.5158512,116.31217,52.88533,24.236322,,
30.998892,136.38144,86.04354,16.236292,,
71.30452,220.35254,155.26773,26.071426,,
26.480816,136.71239,82.60266,17.49028,,
22.714731,113.99332,68.212166,15.021227,,
16.159187,109.87858,71.56353,14.387406,,
40.346878,93.32038,69.29959,10.471386,,
118.31022,333.31662,228.50456,63.75454,,
25.563717,260.77945,138.20827,87.912506,,
11.5462885,96.22644,51.802845,14.208587,,
24.357193,243.43011,118.449745,47.60396,,
7.6026034,102.72113,54.1592,19.973867,,
0.6898816,236.3955,114.299385,51.16545,,
2.4977415,104.03512,47.861053,16.598862,,
2.4977415,104.03512,47.861053,16.598862,,
59.793648,142.54576,97.37572,11.703799,,
56.083126,116.10868,85.42798,9.498019,,
1.1631949,106.636604,54.99481,15.779981,,
0.28914624,107.53437,43.956604,19.821901,,
4.2576084,76.01902,31.963127,11.286332,,
0.28914624,107.53437,43.956604,19.821901,,
4.2576084,76.01902,31.963127,11.286332,,
84.527374,177.05792,132.60919,15.669407,,
54.442635,115.24892,85.906,10.208565,,
4.843537,81.871185,39.88098,15.232844,,
60.98756,139.54298,95.60455,12.091888,,
11.678443,150.58537,94.13823,28.433668,,
30.271385,194.69109,126.44966,31.352474,,
0.51815057,115.39087,49.48353,20.6608,,
226.10954,410.07083,312.97693,32.086704,,
226.10954,410.07083,312.97693,32.086704,,
191.27582,386.44022,291.21844,37.365532,,
6.5653,201.85071,99.35352,32.17978,,
84.00998,179.20563,132.21655,16.12459,,
73.73768,157.27058,117.03324,16.702007,,
0.44056123,112.18418,44.06867,16.899729,,
36.041996,166.119,98.93349,18.230116,,
70.15641,181.64093,132.62798,17.681671,,
66.11418,190.38034,118.192406,18.6124,,
12.415919,166.29225,84.424225,23.37913,,
51.188984,121.62901,86.02215,10.921366,,
4.993226,66.47903,27.701157,10.550884,,
1.3326731,81.99228,44.57714,13.582864,,
0.157423,84.3902,23.721823,12.052969,,
32.537952,104.530685,67.99858,11.768916,,
24.68492,78.36504,49.451794,10.088226,,
49.71178,100.51402,72.62755,10.74583,,
0.7995882,72.14776,32.344967,16.071394,,
26.705599,81.36949,56.823215,11.278114,,
26.705599,81.36949,56.823215,11.278114,,
20.3158,122.10722,75.25085,17.856306,,
52.367584,123.94577,89.14292,12.047949,,
36.601994,79.52813,56.309605,8.098744,,
4.2067266,98.72657,53.865013,16.723553,,
46.12076,115.76271,76.83157,12.202825,,
23.909336,139.81589,78.112465,18.912287,,
21.564724,132.03064,71.96024,19.625755,,
21.564724,132.03064,71.96024,19.625755,,
21.564724,132.03064,71.96024,19.625755,,
21.564724,132.03064,71.96024,19.625755,,
32.774105,139.86337,94.2671,16.959772,,
3.2284899,201.40527,106.13892,43.778584,,
3.2284899,201.40527,106.13892,43.778584,,
6.7259774,171.42831,86.657425,37.687954,,
15.555781,154.459,81.35496,24.897171,,
0.62106055,56.88405,20.016668,9.870957,,
0.54868394,74.81386,21.37653,10.712966,,
0.67777413,56.24932,19.23571,9.146815,,
1.8290273,64.34594,30.326271,10.445893,,
4.4883995,106.118095,50.43062,18.13655,,
0.3777329,92.61278,32.333908,12.610429,,
5.086946,117.44006,61.188683,19.709805,,
28.862741,263.73404,138.01439,89.01123,,
28.862741,263.73404,138.01439,89.01123,,
16.29907,270.46667,146.26103,84.096275,,
25.887167,306.40466,167.3313,92.90859,,
25.887167,306.40466,167.3313,92.90859,,
25.887167,306.40466,167.3313,92.90859,,
11.979896,99.44594,64.08394,13.4967375,,
61.000626,179.70343,125.98146,24.395863,,
9.988566,113.62621,66.6169,14.636932,,
190.27603,331.91275,262.50076,20.8772,,
22.61147,171.2151,97.02711,30.547132,,
22.61147,171.2151,97.02711,30.547132,,
22.61147,171.2151,97.02711,30.547132,,
1.5975627,45.988655,21.130985,8.007298,,
13.795529,120.572586,63.82198,21.58067,,
13.639147,176.15457,98.50193,32.986443,,
47.811115,202.893,125.40681,30.63967,,
0.4776879,167.59448,88.028885,30.70458,,
3.3609722,151.865,59.065792,32.28676,,
39.812325,142.45593,87.93534,19.307114,,
1.5002171,156.60706,72.796074,34.46577,,
27.710957,130.73755,69.21437,16.993635,,
32.51968,118.18877,63.752026,14.774304,,
14.09767,178.8617,101.18464,26.04693,,
80.14541,249.56503,155.25485,26.0594,,
80.14541,249.56503,155.25485,26.0594,,
80.14541,249.56503,155.25485,26.0594,,
0.63097924,174.7877,91.361336,29.11945,,
20.451862,138.02863,83.635185,17.315008,,
0.7239639,193.98518,95.485115,37.48371,,
9.768684,135.10861,70.701706,21.245382,,
0.8836289,143.68227,63.73444,28.273663,,
347.26474,464.6662,401.4358,22.536856,,
137.17896,284.84637,208.21907,23.966036,,
137.17896,284.84637,208.21907,23.966036,,
0.5119817,157.43668,68.57692,29.499975,,
9.56488,207.58182,99.261345,36.263336,,
120.37819,222.59229,164.57724,26.332138,,
54.771145,125.01922,89.99485,12.187286,,
65.211525,198.26006,127.61111,23.395159,,
60.52584,144.8017,108.448296,13.6927185,,
23.932655,96.47128,57.091125,12.505745,,
35.015247,148.41608,94.09043,19.666277,,
35.015247,148.41608,94.09043,19.666277,,
11.507831,91.11004,56.357227,12.387549,,
15.310943,95.74799,57.44224,13.380212,,
15.310943,95.74799,57.44224,13.380212,,
19.356789,113.97063,70.323296,15.2277355,,
1.6681657,73.34124,34.324013,12.146767,,
1.4563285,88.60819,33.8923,13.934357,,
4.1510563,187.47188,95.39567,38.049362,,
0.7785796,210.70303,108.31892,43.47382,,
1.0860856,59.982903,23.432106,9.311152,,
71.743515,179.9071,140.19246,17.16344,,
9.266912,160.48788,75.01168,34.07659,,
1.4891751,47.935673,17.596424,7.041792,,
22.6078,95.488304,56.372406,11.934461,,
0.53433335,204.81186,97.27616,38.022808,,
0.7168426,216.16159,106.272064,42.342876,,
1.2136984,200.01358,97.355835,33.921406,,
0.7076968,216.48335,105.80729,42.283276,,
0.81962883,183.3725,90.031715,33.09489,,
1.8110023,199.08524,105.91559,43.289085,,
3.8345795,118.214294,50.63583,19.773832,,
32.754555,155.34164,103.88945,18.895882,,
80.73935,168.6988,137.10553,16.092693,,
31.80075,221.1965,117.9993,26.229286,,
0.67663497,57.91803,23.699238,9.716887,,
0.31554103,160.55115,74.91356,35.226875,,
0.5431399,61.851433,22.106773,9.97983,,
0.5431399,61.851433,22.106773,9.97983,,
0.5431399,61.851433,22.106773,9.97983,,
55.648945,131.12746,96.20114,12.33241,,
70.12149,139.55754,104.38347,19.456137,,
211.8318,347.50317,290.67157,25.45156,,
62.650955,150.67131,108.863365,13.739144,,
58.56254,109.41892,82.48547,9.19986,,
58.56254,109.41892,82.48547,9.19986,,
58.56254,109.41892,82.48547,9.19986,,
50.6423,86.5996,69.25221,7.4166355,,
50.711914,90.80809,72.109665,9.010501,,
33.80862,113.62926,69.71972,17.356375,,
90.4729,124.354904,107.732155,6.78141,,
65.7878,121.22715,90.964645,10.850706,,
56.21354,85.16379,71.15235,6.6960864,,
56.21354,85.16379,71.15235,6.6960864,,
56.21354,85.16379,71.15235,6.6960864,,
402.238,486.59723,445.75815,15.765994,,
342.21002,468.07495,420.2587,16.828976,,
424.1109,501.91562,457.81696,14.365621,,
359.2763,475.55215,429.94778,23.428652,,
65.35311,157.61502,111.93517,18.18324,,
46.786934,126.889244,80.75845,14.52044,,
34.531822,135.97028,83.36688,21.004606,,
34.531822,135.97028,83.36688,21.004606,,
34.531822,135.97028,83.36688,21.004606,,
0.2899643,116.301506,62.053635,18.472645,,
6.204458,99.861534,56.93832,15.696217,,
6.204458,99.861534,56.93832,15.696217,,
6.204458,99.861534,56.93832,15.696217,,
3.910704,51.577625,22.910002,7.6806374,,
35.09852,232.64655,132.18298,36.81747,,
25.519176,185.03346,103.347946,44.01753,,
2.0539458,147.523,71.35807,36.88767,,
45.973736,168.92302,101.79153,30.808712,,
45.973736,168.92302,101.79153,30.808712,,
10.421269,188.03088,104.01409,30.114302,,
10.421269,188.03088,104.01409,30.114302,,
164.14967,298.72968,221.79219,22.66507,,
0.80566794,111.64561,56.821667,20.471016,,
0.80566794,111.64561,56.821667,20.471016,,
19.944654,111.588104,68.78127,20.108921,,
1.2921596,142.12727,58.840313,23.947353,,
17.222775,163.80075,91.55162,25.76302,,
17.222775,163.80075,91.55162,25.76302,,
1.6982933,115.8975,59.786167,21.468273,,
17.222775,163.80075,91.55162,25.76302,,
17.222775,163.80075,91.55162,25.76302,,
1.6982933,115.8975,59.786167,21.468273,,
2.5993664,112.1033,53.656567,17.305664,,
12.127585,150.54921,76.80847,23.841984,,
12.127585,150.54921,76.80847,23.841984,,
78.91048,220.10841,140.67064,34.80213,,
37.239597,106.742645,72.21139,11.897866,,
0.5993171,72.14013,23.041258,12.13444,,
52.50485,98.9778,75.80447,9.180527,,
11.511922,123.0599,65.18485,19.440773,,
47.031483,211.9925,133.26897,30.363132,,
123.72007,227.5258,177.6257,24.323586,,
27.554686,149.78049,87.507515,23.459328,,
1.1402494,140.35654,61.83883,22.405645,,
1.1402494,140.35654,61.83883,22.405645,,
1.757929,59.322968,30.385439,8.76413,,
319.56787,427.7416,379.15344,22.489368,,
0.6919361,52.57272,25.620596,8.312768,,
343.18555,398.7037,368.7933,10.803879,,
1.0551986,56.422997,26.718264,9.352317,,
0.5357684,94.278534,45.623787,16.845125,,
15.017282,62.240044,34.619835,8.725754,,
15.99821,117.88548,67.71843,14.89736,,
34.634308,137.26534,80.281845,17.020395,,
36.84831,191.02628,115.01199,21.453646,,
45.090073,203.66621,121.74658,27.259724,,
33.174675,128.64691,78.334175,14.302677,,
33.174675,128.64691,78.334175,14.302677,,
33.174675,128.64691,78.334175,14.302677,,
33.174675,128.64691,78.334175,14.302677,,
33.174675,128.64691,78.334175,14.302677,,
33.174675,128.64691,78.334175,14.302677,,
33.174675,128.64691,78.334175,14.302677,,
33.174675,128.64691,78.334175,14.302677,,
33.174675,128.64691,78.334175,14.302677,,
33.174675,128.64691,78.334175,14.302677,,
33.174675,128.64691,78.334175,14.302677,,
33.174675,128.64691,78.334175,14.302677,,
33.174675,128.64691,78.334175,14.302677,,
33.174675,128.64691,78.334175,14.302677,,
33.174675,128.64691,78.334175,14.302677,,
33.174675,128.64691,78.334175,14.302677,,
33.174675,128.64691,78.334175,14.302677,,
33.174675,128.64691,78.334175,14.302677,,
33.174675,128.64691,78.334175,14.302677,,
33.174675,128.64691,78.334175,14.302677,,
33.174675,128.64691,78.334175,14.302677,,
33.174675,128.64691,78.334175,14.302677,,
33.174675,128.64691,78.334175,14.302677,,
33.174675,128.64691,78.334175,14.302677,,
3.3836808,120.55304,64.620834,20.514837,,
31.750603,110.5842,67.695526,14.573852,,
31.750603,110.5842,67.695526,14.573852,,
31.750603,110.5842,67.695526,14.573852,,
46.19773,113.619675,75.765335,13.869617,,
25.514875,93.95345,58.19842,10.930441,,
34.5245,112.85025,69.78221,11.701556,,
19.355385,126.29865,76.06022,20.22906,,
0.83753204,96.64919,41.635147,17.25648,,
20.158096,99.6849,57.30455,13.077139,,
0.3331525,74.07957,34.072926,11.441962,,
1.1567979,67.39831,27.360516,11.304109,,
1.1567979,67.39831,27.360516,11.304109,,
1.1567979,67.39831,27.360516,11.304109,,
1.1567979,67.39831,27.360516,11.304109,,
1.1567979,67.39831,27.360516,11.304109,,
1.1567979,67.39831,27.360516,11.304109,,
1.1567979,67.39831,27.360516,11.304109,,
1.1567979,67.39831,27.360516,11.304109,,
17.236422,174.90385,87.19198,28.674227,,
9.770702,176.10216,94.39289,32.537575,,
0.5942072,216.69218,96.2751,41.670334,,
8.1819105,112.21293,63.093586,22.79581,,
8.1819105,112.21293,63.093586,22.79581,,
29.913553,137.63794,84.455574,17.303074,,
0,66.47545,25.704464,14.005938,,
0.9102667,60.6935,25.386816,12.333854,,
1.1041832,94.95029,45.614685,18.394197,,
50.382378,156.86415,99.0663,15.720741,,
12.222427,106.95106,53.9232,19.2964,,
39.062904,118.88021,82.6675,13.649371,,
1.906104,93.56731,41.5392,16.916346,,
0.9102667,60.6935,25.386816,12.333854,,
1.1041832,94.95029,45.614685,18.394197,,
39.062904,118.88021,82.6675,13.649371,,
0.96903807,86.708954,36.25674,15.951718,,
1.906104,93.56731,41.5392,16.916346,,
0.5582694,73.8981,27.51686,12.701027,,
347.3561,469.78363,409.09732,19.701109,,
369.267,644.3852,486.8397,40.34196,,
369.267,644.3852,486.8397,40.34196,,
0.4168274,103.68275,45.375378,20.508747,,
12.179217,68.70824,42.43083,12.630715,,
1.8335681,97.757164,48.935513,20.774107,,
0.78570545,38.015827,14.913466,6.1430902,,
58.77948,118.341576,87.464455,10.792028,,
58.77948,118.341576,87.464455,10.792028,,
5.455967,69.91704,38.528996,11.233928,,
0.61975557,35.783413,14.271642,6.2296023,,
1.8474885,43.758907,19.774157,7.59995,,
136.20338,331.43274,226.8232,30.976097,,
198.70097,297.90237,236.02158,19.67253,,
0.8242563,95.882614,44.932346,15.606447,,
18.499395,124.14166,73.149254,18.986235,,
18.499395,124.14166,73.149254,18.986235,,
18.499395,124.14166,73.149254,18.986235,,
8.192806,86.711784,48.500977,12.736408,,
8.192806,86.711784,48.500977,12.736408,,
1.0758152,63.504646,24.76675,11.006831,,
1.0758152,63.504646,24.76675,11.006831,,
396.74448,516.6615,460.8205,22.069744,,
87.46242,203.09868,144.31206,26.981773,,
345.40488,457.92633,402.86594,18.715136,,
368.22464,471.57306,427.77072,17.460684,,
351.16827,485.77612,416.8345,22.577833,,
447.47055,538.76447,498.32043,16.123894,,
424.30368,542.7964,500.08026,18.010641,,
386.5298,519.81177,450.1523,25.634007,,
0.6679566,93.928795,43.59455,16.32201,,
0.43459627,53.247795,22.586111,9.090829,,
1.2026186,59.369434,23.025328,9.548145,,
10.38659,80.367615,46.792065,13.25233,,
7.630275,90.72207,53.914577,14.28123,,
0.41138965,95.05791,40.786045,17.817064,,
5.800009,91.195786,50.114037,14.104977,,
41.145935,112.94852,76.56402,14.892304,,
41.145935,112.94852,76.56402,14.892304,,
11.927458,108.843765,63.896008,15.497907,,
5.138001,118.96573,57.64788,25.031519,,
5.138001,118.96573,57.64788,25.031519,,
5.138001,118.96573,57.64788,25.031519,,
62.55378,142.96678,94.88531,13.761988,,
1.960001,82.84349,43.06687,12.886726,,
2.3656566,87.38116,43.579838,14.346661,,
0.588677,96.705605,48.249783,18.677225,,
0.64140093,92.19443,49.049026,15.327953,,
29.399462,184.11942,113.91254,25.379314,,
10.555661,103.58477,56.731117,14.868538,,
0.588677,96.705605,48.249783,18.677225,,
0.64140093,92.19443,49.049026,15.327953,,
29.399462,184.11942,113.91254,25.379314,,
10.555661,103.58477,56.731117,14.868538,,
5.01763,32.58266,16.166182,6.4560614,,
42.814632,154.91127,105.45964,29.311962,,
213.98647,304.75778,257.87506,17.14659,,
80.10683,147.06548,117.14163,16.322016,,
80.10683,147.06548,117.14163,16.322016,,
344.30145,422.67386,382.59427,12.835141,,
8.14103,111.20207,55.337833,13.890235,,
20.88071,116.939384,65.18444,16.080547,,
12.661702,96.43355,54.551243,13.974455,,
2.108527,97.430305,52.91172,15.542795,,
4.480716,72.81121,36.747387,18.481363,,
0.9363356,45.765682,20.731777,8.305009,,
1.8247967,33.035984,15.954555,6.437614,,
58.462486,234.17442,158.43588,28.081158,,
49.87003,228.80125,129.42336,29.36219,,
132.79073,261.69888,196.40715,26.953257,,
147.98044,262.2409,199.68605,16.11288,,
286.07965,447.86224,365.55258,30.216074,,
26.234535,70.97105,47.175797,9.039963,,
270.67807,367.6154,318.5657,17.48775,,
24.774895,81.27088,53.86448,11.081709,,
147.93831,258.02963,199.78032,21.73192,,
18.639662,100.42847,55.21075,14.827849,,
47.607765,107.31014,71.322266,12.416009,,
25.521225,83.071724,54.434193,11.269751,,
29.126923,99.92408,67.22275,13.203364,,
25.521225,83.071724,54.434193,11.269751,,
29.126923,99.92408,67.22275,13.203364,,
249.11559,374.2295,308.71353,24.643028,,
294.8726,379.85382,337.41388,14.143442,,
7.966998,151.13063,78.711655,24.969494,,
7.966998,151.13063,78.711655,24.969494,,
4.37705,95.74596,43.583954,15.212613,,
1.2932978,96.49497,37.323643,16.17131,,
2.3919334,144.1582,71.06954,29.257559,,
393.36127,517.3835,461.2732,25.391052,,
393.36127,517.3835,461.2732,25.391052,,
0.57693064,46.73571,19.602608,8.223444,,
22.03733,75.03736,48.737705,9.198493,,
17.96557,86.24585,50.53576,11.400419,,
20.84537,66.16184,44.19334,8.95026,,
25.078653,66.66272,42.718002,8.088485,,
361.6547,494.66425,433.574,28.615738,,
3.8563452,131.8511,72.59627,28.198093,,
16.981705,73.34669,46.57268,13.207107,,
3.8469532,79.47382,42.287746,15.605266,,
8.31306,94.16032,56.417717,13.955127,,
22.608839,139.33206,69.965515,23.721,,
22.608839,139.33206,69.965515,23.721,,
22.608839,139.33206,69.965515,23.721,,
12.197092,96.82869,54.78556,12.954572,,
367.09106,476.05664,417.38324,18.566282,,
0.38519967,93.27776,39.87085,14.04995,,
43.4856,226.35347,135.6283,39.524933,,
0.44880834,107.37522,44.304005,19.346395,,
10.641569,115.34052,59.0449,18.023958,,
93.756424,167.77098,130.77284,12.439784,,
4.458159,72.98208,41.274826,10.813553,,
10.693043,78.287964,47.00993,11.151264,,
30.689262,118.916504,76.33488,12.823325,,
62.238163,137.16548,99.42275,13.805446,,
1.2781335,110.79669,50.700512,18.233845,,
26.82927,183.85915,109.09841,26.944262,,
4.65708,73.44404,44.01975,11.080308,,
0.53259087,127.932144,66.34697,19.750818,,
21.887012,144.95663,79.58939,21.10986,,
0.6169696,112.54324,53.392796,17.925003,,
0.6169696,112.54324,53.392796,17.925003,,
1.9122894,89.92363,47.16714,14.735897,,
1.1344371,154.63095,65.492165,27.748388,,
33.33765,136.52367,82.59675,17.823051,,
53.666195,139.61336,97.21196,14.035774,,
31.35573,123.73394,81.627716,17.678484,,
32.900093,134.67194,84.94022,17.738304,,
1.0335491,218.81624,103.419525,52.63255,,
10.894924,147.05077,81.08391,24.581665,,
10.894924,147.05077,81.08391,24.581665,,
30.635818,149.1362,87.46836,21.06763,,
30.635818,149.1362,87.46836,21.06763,,
25.853758,184.35457,100.89602,34.281403,,
25.853758,184.35457,100.89602,34.281403,,
13.012901,71.06918,41.79766,9.337439,,
0.59737206,136.81665,59.75937,26.394056,,
0.59737206,136.81665,59.75937,26.394056,,
4.2815866,106.5074,56.462856,15.769993,,
1.0081098,72.087364,30.943981,12.765503,,
1.0081098,72.087364,30.943981,12.765503,,
1.2893245,87.6006,43.120308,14.196846,,
1.7079383,124.36146,62.722538,17.59672,,
4.347929,111.505615,62.00117,15.9748,,
1.9768355,111.30043,55.019802,17.744375,,
1.5051235,116.036194,63.22515,21.26005,,
1.8167976,101.64051,48.96408,20.28171,,
222.51718,384.69028,295.78687,35.13038,,
200.775,428.08365,307.28125,42.581486,,
177.41653,403.6988,294.79993,42.054604,,
3.668035,210.00163,91.82963,50.52357,,
2.4053502,133.95929,71.60651,22.347143,,
4.272602,104.81282,44.60612,18.679087,,
178.11491,380.9849,266.82278,45.66452,,
20.168756,73.988174,46.150215,10.754311,,
20.168756,73.988174,46.150215,10.754311,,
1.3695585,82.384285,35.833115,17.916153,,
1.0667661,38.2796,16.758636,6.723002,,
0.64245945,50.181396,21.198332,8.372947,,
7.5396857,68.24725,36.044804,11.179529,,
15.541561,69.48747,39.562634,9.66546,,
15.541561,69.48747,39.562634,9.66546,,
41.725388,96.355934,68.45458,10.049159,,
28.657064,112.698845,66.177475,14.253634,,
17.933416,100.831085,62.23719,14.022191,,
17.933416,100.831085,62.23719,14.022191,,
15.541561,69.48747,39.562634,9.66546,,
15.541561,69.48747,39.562634,9.66546,,
41.725388,96.355934,68.45458,10.049159,,
28.657064,112.698845,66.177475,14.253634,,
17.933416,100.831085,62.23719,14.022191,,
17.933416,100.831085,62.23719,14.022191,,
1.3532691,80.99126,37.703434,13.418806,,
4.788093,62.221897,34.18265,10.540605,,
26.15114,103.13345,65.54284,14.253765,,
0.6917148,53.517925,23.055925,9.761472,,
0.6081354,123.722015,52.068897,22.69564,,
48.39961,100.679825,75.14955,10.2862425,,
7.377581,196.13156,99.893745,41.970856,,
111.299965,184.10732,142.99562,12.019019,,
4.74498,159.3307,80.16616,27.242584,,
57.346615,311.33478,208.5389,42.446495,,
138.20026,312.12396,226.44637,30.794243,,
207.9565,307.46008,259.3113,20.025356,,
230.64886,343.30154,284.69302,19.954193,,
3.718742,157.61052,74.5253,24.344868,,
12.806978,168.48186,79.50308,25.779083,,
4.269981,34.944103,20.010412,5.9571624,,
2.6859443,136.13538,69.801575,28.601198,,
2.6859443,136.13538,69.801575,28.601198,,
2.6859443,136.13538,69.801575,28.601198,,
2.6859443,136.13538,69.801575,28.601198,,
2.6859443,136.13538,69.801575,28.601198,,
1.1957362,25.074018,11.408487,4.3274965,,
1.0567846,45.012207,19.078386,6.8861747,,
52.617798,132.97594,87.52603,15.330706,,
35.19426,74.86094,52.67378,7.380857,,
39.158203,86.417046,58.017838,8.31075,,
48.04993,128.2922,85.94965,15.089422,,
51.729263,229.02505,151.772,49.74794,,
59.5936,154.5406,108.57743,25.603907,,
144.64308,185.5317,163.4764,6.9741635,,
1.1948793,55.140434,27.599821,9.742463,,
29.877882,84.9227,57.697353,9.919479,,
6.5140433,126.70768,69.95895,22.249056,,
4.2590265,76.05115,31.658903,13.33472,,
66.36641,220.78647,143.64345,23.519365,,
40.281166,71.703384,57.663456,6.4373136,,
37.671417,104.859825,64.83194,13.2889185,,
24.391169,89.838974,58.107277,12.045708,,
16.982502,51.10432,32.9938,6.860962,,
24.111292,76.7811,47.595215,8.848893,,
60.42231,145.50429,99.515015,13.28304,,
60.42231,145.50429,99.515015,13.28304,,
29.291924,123.99533,72.98851,12.848203,,
1.0647494,94.74234,41.063198,14.284072,,
10.712287,77.35007,48.96328,10.167084,,
1.3449299,94.33982,44.127506,14.148136,,
23.882444,110.839745,70.57346,12.9884,,
44.630947,149.69176,91.97466,14.773456,,
34.39868,124.33902,79.59574,17.23,,
14.074991,96.7246,55.782673,13.642511,,
4.3747973,84.90588,42.52912,12.25798,,
1.7592489,90.18367,45.134624,14.34769,,
42.675564,103.09557,73.646675,14.423018,,
11.411383,95.98664,53.112816,13.811614,,
15.919839,70.92081,43.217735,10.2580595,,
276.55045,425.4902,362.60098,29.051949,,
283.4876,437.92978,373.51358,28.122501,,
4.5063186,89.250374,44.96066,22.156534,,
45.924263,187.66646,114.26362,27.355669,,
63.428467,195.42558,119.71085,24.667807,,
8.647184,74.11775,43.770718,10.297527,,
25.928112,105.2228,65.97092,16.68258,,
25.447926,168.47563,97.127365,30.551199,,
44.87556,171.19955,103.001045,26.766235,,
18.698599,163.24123,89.395836,26.359568,,
324.27222,598.0056,463.17502,78.52918,,
357.42975,684.8759,518.03046,77.92981,,
4.4149895,153.712,74.93706,25.023325,,
4.3601246,156.99733,65.08849,28.151245,,
98.72558,251.0798,162.1236,26.330809,,
0.5915213,119.07184,51.695614,24.230925,,
0.6916517,151.1679,52.54398,27.637909,,
41.425312,195.71292,120.86652,30.826643,,
0.99692625,109.76056,45.286247,20.745398,,
0.79333484,115.22864,54.011303,23.195072,,
44.73885,170.4621,108.34689,21.208773,,
44.73885,170.4621,108.34689,21.208773,,
4.795749,77.79537,42.6125,11.574326,,
66.92478,113.542336,85.37669,9.079448,,
66.92478,113.542336,85.37669,9.079448,,
1.0120916,68.15394,29.643667,11.589571,,
15.345799,77.33554,45.68006,10.166603,,
10.0936165,129.15108,72.07941,21.91813,,
2.8537948,75.03557,35.73805,10.661729,,
2.8537948,75.03557,35.73805,10.661729,,
25.71033,90.23741,59.109158,10.898183,,
55.50811,148.30557,104.3229,14.195584,,
12.356121,133.66,73.17009,22.309183,,
13.813086,102.05303,58.731167,19.32307,,
11.365445,94.220276,53.16079,20.105425,,
24.408073,87.403854,48.248314,10.064615,,
20.59594,55.149975,40.756123,7.1470976,,
78.57071,129.1648,103.054794,10.755561,,
13.372488,77.41155,45.946037,11.5327635,,
19.163095,84.801765,51.067917,10.441539,,
25.204664,80.518364,50.487164,9.813132,,
1.4222835,58.499966,26.280006,9.924489,,
0.6435162,75.64922,35.53759,14.046058,,
0.6857005,105.254364,35.2589,18.193823,,
85.15003,130.98607,107.62484,9.543209,,
59.48579,151.15712,102.125374,17.22932,,
39.669827,118.0217,83.18693,12.212544,,
57.267933,92.34622,72.27366,6.533572,,
23.886929,100.94019,60.935112,12.66265,,
1.5067791,74.218414,36.840694,13.90302,,
14.117341,126.64166,73.36367,18.585732,,
24.24345,167.38692,94.61695,23.978401,,
15.445992,100.64594,59.975433,12.93323,,
0.6774555,105.32635,47.284286,18.362652,,
0.6774555,105.32635,47.284286,18.362652,,
0.50361574,69.93823,37.010223,13.194668,,
0.7861065,103.62431,52.771313,20.510973,,
92.91583,212.24886,155.0635,18.649193,,
60.378693,178.21916,117.54631,17.95356,,
17.941,113.77028,63.755405,16.260418,,
3.2747931,103.7978,52.563408,19.069698,,
3.4837568,76.130104,37.461132,13.966126,,
157.04625,278.0969,218.55103,20.440304,,
118.68828,247.68367,187.27843,21.965124,,
22.756031,142.62703,82.18813,21.950943,,
69.314384,189.99643,129.53262,21.811327,,
1.6661006,111.70256,52.830242,19.48099,,
28.41639,138.81406,79.74149,17.461401,,
1.6628357,117.6215,69.26139,21.579771,,
45.13923,200.91805,121.76089,27.447886,,
66.33033,186.64078,123.159004,22.595476,,
45.4314,196.813,125.58126,25.128994,,
81.73187,185.93776,141.18167,18.631626,,
0.8109296,114.42975,62.202175,17.721397,,
0.6907125,150.0904,65.85075,23.92547,,
50.562233,157.25398,111.106064,17.826859,,
35.37685,173.3378,111.325554,28.767673,,
0.9192188,157.03972,64.48848,28.254515,,
4.2106724,103.52717,42.97032,15.917641,,
2.8844385,148.63942,71.53956,24.01503,,
29.518852,251.84865,135.8958,42.49475,,
3.1677635,152.0708,73.43088,21.924408,,
69.066666,197.2662,130.94098,22.896994,,
13.732381,116.8183,62.33617,17.304848,,
30.56971,156.20091,88.07319,20.977276,,
40.919712,186.97624,117.844986,21.634258,,
83.671074,150.45511,113.12342,14.508512,,
62.6928,157.10144,101.79364,18.10529,,
4.633432,88.26172,40.397583,15.382444,,
10.430759,108.207466,53.441383,18.85536,,
0.38239396,160.50706,78.626144,31.721313,,
1.0751177,150.07573,71.28629,29.67272,,
1.0751177,150.07573,71.28629,29.67272,,
83.671074,150.45511,113.12342,14.508512,,
62.6928,157.10144,101.79364,18.10529,,
4.633432,88.26172,40.397583,15.382444,,
10.430759,108.207466,53.441383,18.85536,,
0.38239396,160.50706,78.626144,31.721313,,
1.0751177,150.07573,71.28629,29.67272,,
1.0751177,150.07573,71.28629,29.67272,,
4.099172,77.84952,35.358356,12.23841,,
45.489258,98.50827,74.19085,10.146244,,
0.8857658,69.27143,24.277254,11.961179,,
0.37399024,62.73566,22.046461,10.577905,,
0.83857316,60.097015,23.658054,9.768632,,
0.883224,70.76348,33.095615,12.212685,,
24.987202,107.01748,70.86381,13.998656,,
62.632793,147.28593,109.84822,14.118343,,
111.866714,258.21063,192.68622,24.616884,,
111.866714,258.21063,192.68622,24.616884,,
46.104458,190.91003,123.073364,26.171307,,
35.555775,175.26051,105.02525,25.344727,,
22.862598,62.141277,40.294277,6.8456674,,
40.34691,85.31919,62.590225,7.9740257,,
29.73822,187.07608,88.60975,33.96313,,
47.31814,162.6366,106.632515,16.898039,,
27.267506,117.08365,72.858696,14.477427,,
14.067986,135.0046,78.516304,27.61501,,
14.067986,135.0046,78.516304,27.61501,,
14.067986,135.0046,78.516304,27.61501,,
8.792325,126.42444,65.4979,26.257256,,
204.41922,371.6837,286.12543,31.849655,,
54.219166,143.51323,98.174065,14.159913,,
40.45781,153.90434,97.673645,18.754358,,
120.660324,160.2393,140.82523,7.772776,,
12.713937,73.0018,41.444653,10.548425,,
341.6978,422.83987,384.52136,13.567041,,
339.15964,417.1279,380.73337,14.68575,,
342.47095,441.72717,395.4373,20.058748,,
13.10484,85.74489,49.08795,11.822512,,
302.77274,380.46616,339.9437,13.576435,,
263.30774,370.81012,313.4888,19.016994,,
4.9275866,89.371376,40.631786,15.62697,,
4.9275866,89.371376,40.631786,15.62697,,
19.711538,176.02243,105.409615,26.283232,,
76.171555,191.61609,136.84438,25.085503,,
87.09938,246.3652,165.09491,39.076164,,
79.809814,188.22765,136.76535,25.742918,,
60.20662,206.31166,136.59796,27.803856,,
65.4733,129.72908,100.60077,10.575828,,
53.215153,119.02,86.51045,13.677609,,
53.215153,119.02,86.51045,13.677609,,
0.42579338,58.92358,26.340206,9.240832,,
38.821526,120.34742,78.03141,22.773548,,
46.7414,139.3078,88.74836,16.011473,,
17.89123,93.40621,55.919044,12.552517,,
0.63277555,53.27848,20.547073,7.905434,,
298.51758,379.46985,343.00677,12.489853,,
15.860061,135.64719,73.305115,23.092775,,
15.860061,135.64719,73.305115,23.092775,,
17.396832,115.561874,66.510574,15.128204,,
67.134155,197.86871,120.70339,23.675898,,
102.90745,188.27281,145.67676,21.824865,,
5.862615,75.2637,38.565834,18.594519,,
12.257919,91.60126,49.902817,18.593563,,
13.928295,51.905987,34.894077,9.281815,,
12.257919,91.60126,49.902817,18.593563,,
13.928295,51.905987,34.894077,9.281815,,
1.7566003,65.49866,35.311886,11.334379,,
2.1471152,85.2658,36.70396,14.77664,,
1.5487236,73.336815,33.53646,14.555333,,
1.0616434,138.31093,61.906593,24.409039,,
29.757442,245.06361,147.3122,45.845005,,
33.46584,142.70221,85.17326,21.848305,,
7.7765446,115.53645,61.600876,17.747755,,
15.190719,189.2322,99.42072,25.986538,,
0.50963783,54.732075,24.08078,8.879428,,
1.4126782,93.2918,44.593887,17.718756,,
15.435947,109.91586,62.363605,18.487856,,
0.98994374,61.339787,24.833122,11.239785,,
33.905964,169.33228,101.52778,24.664356,,
7.0613346,106.097176,59.75969,17.169924,,
7.0613346,106.097176,59.75969,17.169924,,
0.8196165,53.769463,22.768112,8.915243,,
0.49656942,73.96453,36.48089,13.515894,,
0.2067387,118.6143,42.139133,17.75921,,
23.454168,170.45653,105.78038,30.333685,,
64.92151,161.30772,111.83452,14.884549,,
38.78037,136.51859,89.89128,17.59148,,
83.308815,156.2992,122.68921,14.997658,,
17.089684,105.966965,60.254223,13.454969,,
15.47002,163.46257,79.01184,24.581255,,
103.3856,248.3651,178.51503,29.180925,,
39.957935,253.74648,146.6879,37.90224,,
78.02746,222.23378,152.66212,27.77647,,
78.02746,222.23378,152.66212,27.77647,,
32.50031,108.24762,74.2258,15.174459,,
24.422941,157.12352,90.425934,27.023531,,
9.078373,108.715225,48.102707,23.781467,,
48.508617,88.50368,69.91637,7.4975104,,
48.508617,88.50368,69.91637,7.4975104,,
73.5991,169.75189,130.01321,25.2995,,
73.5991,169.75189,130.01321,25.2995,,
30.330109,187.43964,114.13824,36.56029,,
20.322802,143.17522,75.707184,22.64233,,
23.69348,111.963585,68.84659,14.080915,,
0.7440061,154.86223,85.62486,28.701836,,
0.25915885,170.57578,85.26852,33.716396,,
12.741558,239.85341,121.86804,39.34048,,
2.8900158,150.68764,70.85801,26.565527,,
0.59393275,190.7927,85.63644,36.67673,,
4.392374,67.87143,36.20275,11.217095,,
21.756216,178.11621,98.75257,37.500767,,
21.756216,178.11621,98.75257,37.500767,,
13.626457,193.03137,104.34566,40.740894,,
13.626457,193.03137,104.34566,40.740894,,
19.287502,204.39027,105.49236,29.471323,,
2.1684732,209.65848,97.906685,35.31244,,
2.1684732,209.65848,97.906685,35.31244,,
10.285021,97.59731,50.835297,13.13764,,
1.2562262,103.18494,44.807434,18.3608,,
56.58114,197.82916,115.992294,21.34488,,
5.0933366,86.27915,42.95033,13.322894,,
33.470917,128.40448,81.633415,15.724184,,
12.125665,148.70967,78.886055,20.20828,,
6.467068,107.12716,57.821247,17.74625,,
4.465498,115.16962,47.01812,16.91873,,
3.9097145,147.01796,64.4696,25.258482,,
5.05188,119.83186,52.47299,22.705484,,
318.51407,376.10922,346.73666,11.230273,,
14.77851,170.57982,86.132774,23.433685,,
0.42915136,113.07146,49.58129,19.486832,,
0.9816984,55.255825,21.393166,9.036929,,
1.0701599,87.10417,45.516186,16.592373,,
1.0045607,92.08945,36.682415,14.834429,,
98.747574,162.09659,128.27644,9.616817,,
189.08325,273.17697,227.1937,14.696026,,
5.0503616,65.74612,33.270638,11.232284,,
5.195119,83.54518,43.72932,11.835984,,
113.923065,184.0756,148.39168,12.865031,,
38.82505,137.23195,88.61851,15.678809,,
56.608566,135.4457,96.752914,14.353875,,
113.923065,184.0756,148.39168,12.865031,,
38.82505,137.23195,88.61851,15.678809,,
56.608566,135.4457,96.752914,14.353875,,
17.119005,163.75693,65.917786,28.58113,,
0.7122058,164.60634,53.676582,21.641973,,
99.62566,322.21616,212.611,43.36077,,
99.62566,322.21616,212.611,43.36077,,
0.71267664,174.535,80.2047,34.14659,,
1.0442911,157.05423,74.461395,24.762564,,
4.4836407,191.56815,79.0012,32.21616,,
233.25882,471.2776,354.02225,49.56839,,
50.259487,243.73207,153.22182,34.531162,,
50.259487,243.73207,153.22182,34.531162,,
0.6018654,190.86945,97.0854,33.459007,,
38.868336,240.5642,149.72981,33.45015,,
207.1464,300.89075,254.75278,17.18657,,
207.1464,300.89075,254.75278,17.18657,,
214.36647,312.1355,264.6499,16.16818,,
208.2268,297.03003,255.13348,16.184153,,
279.54858,401.9388,343.56955,20.668583,,
1.0951344,212.92896,116.05387,48.556156,,
18.471014,200.97931,104.3968,32.77598,,
70.40086,224.929,150.83487,24.435574,,
4.0560794,84.10633,45.527046,13.686979,,
370.76846,481.86966,429.67474,20.79153,,
0.38840282,63.093914,25.856674,9.994306,,
11.822674,84.852066,53.263626,11.586106,,
1.4490397,73.758545,36.64634,11.608073,,
1.4490397,73.758545,36.64634,11.608073,,
1.4490397,73.758545,36.64634,11.608073,,
0.80473644,140.05771,70.582855,21.96251,,
422.9824,543.52496,482.03732,18.976622,,
397.25015,512.1421,462.06332,19.45874,,
339.9632,505.0247,439.63373,20.799068,,
128.79652,225.33234,173.64116,18.513601,,
357.1381,522.4357,450.51724,29.493717,,
0.20635651,192.6169,86.128,29.592371,,
52.476154,235.86717,148.45497,26.083773,,
0.84885955,147.1956,63.304012,27.27387,,
14.825306,218.20995,119.18215,34.87295,,
88.681625,270.73196,176.40567,27.753166,,
128.4623,346.02783,228.37575,34.7489,,
27.199644,158.17186,87.79327,28.574745,,
4.8047123,83.30555,42.011475,12.742048,,
0.8619661,39.00569,12.855406,6.0290565,,
4.8047123,83.30555,42.011475,12.742048,,
0.8619661,39.00569,12.855406,6.0290565,,
3.7139943,80.78378,39.21172,13.72428,,
1.2204832,70.468864,33.726284,10.919467,,
463.8256,619.0685,545.6327,38.13,,
59.634914,146.42982,101.67254,14.030272,,
3.161269,66.8653,35.034546,12.830581,,
1.4074169,130.90701,64.457756,23.250532,,
4.198842,204.98013,87.94248,43.093395,,
57.37481,230.62735,141.10298,36.83343,,
66.13241,271.40353,180.07344,42.4809,,
41.054592,114.89975,78.04129,11.667183,,
5.268789,93.581665,59.944683,14.542266,,
48.927578,88.51916,68.1023,7.509668,,
17.6157,100.9999,67.71023,13.443771,,
5.258738,104.09439,51.116074,18.48641,,
1.1250664,49.76756,17.705223,9.329006,,
16.435833,73.50204,44.38555,10.722256,,
43.999542,117.03295,77.19016,13.17162,,
46.124847,177.20503,110.864296,19.87117,,
46.124847,177.20503,110.864296,19.87117,,
46.124847,177.20503,110.864296,19.87117,,
31.745419,120.27269,72.70951,14.403778,,
0.89275634,84.32429,38.151604,14.863146,,
1.3786681,100.58911,41.313396,17.839144,,
7.8526244,96.79817,51.033855,20.617794,,
28.052937,79.85304,50.090607,8.339572,,
28.052937,79.85304,50.090607,8.339572,,
129.42065,396.99506,265.58682,51.756596,,
1.00637,75.987045,35.697086,14.13896,,
41.806564,167.5185,103.55114,19.510748,,
36.37371,131.20836,84.07576,17.452105,,
337.83353,469.37036,401.15936,20.569307,,
13.827194,89.7135,47.055027,12.512909,,
15.828029,90.19834,57.678883,13.835529,,
15.828029,90.19834,57.678883,13.835529,,
15.828029,90.19834,57.678883,13.835529,,
1.9327823,125.683205,62.598404,22.617897,,
2.4428093,86.42157,48.0619,17.0979,,
3.15149,89.754265,43.45616,17.106934,,
3.15149,89.754265,43.45616,17.106934,,
0.23313093,101.95024,48.06536,18.390205,,
258.1146,349.09088,308.7413,13.66346,,
2.7552521,92.06585,43.09572,22.469862,,
0.9054841,30.608208,16.80769,6.0126853,,
0.926385,82.609474,30.690208,16.746288,,
19.354504,173.11392,87.822815,26.966434,,
0.6777736,34.634235,16.296644,6.045499,,
13.774531,90.3883,57.50269,12.379111,,
3.821917,78.34139,42.450325,16.523178,,
7.507884,85.51231,46.4718,24.76986,,
1.105744,48.153698,24.151798,8.6192665,,
3.2324064,111.882256,56.893105,17.916723,,
226.19345,346.6523,279.94705,21.134787,,
19.262554,130.75305,71.59813,20.278227,,
4.3321834,124.207825,57.07967,18.375557,,
14.09751,142.55258,81.28401,18.926588,,
7.0018435,158.43578,89.58975,25.445362,,
13.29861,133.87735,73.464005,21.550669,,
23.925598,155.34082,90.50285,24.25708,,
264.94254,355.399,303.7171,18.328186,,
270.2731,356.5074,306.11807,14.7168255,,
16.193747,149.24663,89.34865,21.763874,,
18.37588,122.19602,77.75462,18.571522,,
11.106397,148.50932,80.650024,24.662426,,
10.849772,100.88674,57.35167,14.760317,,
4.7077174,121.71965,69.445526,20.060402,,
307.19104,364.90942,331.2226,12.171298,,
25.09907,133.73244,82.961494,19.616863,,
8.319679,98.657425,57.27612,12.85722,,
121.33584,257.21835,190.99258,25.22879,,
0.8831452,93.72106,38.017952,15.616035,,
36.26243,106.3311,76.77332,10.63046,,
26.871847,109.92869,68.237335,13.537875,,
5.219522,206.26341,110.842316,51.070385,,
4.1865363,73.97124,33.02787,12.913527,,
57.214657,116.444725,90.9545,9.948565,,
0.94221735,151.72148,62.2463,43.274532,,
13.88222,78.23417,44.10181,10.62875,,
17.08875,121.436516,68.08596,16.87864,,
364.79614,468.15244,415.6662,17.911339,,
12.748074,54.12162,34.807514,8.879851,,
8.199415,46.52843,26.525623,7.6016803,,
147.2764,214.66959,177.21745,13.00525,,
48.94035,186.62679,119.93621,43.22982,,
1.3530598,44.854965,16.276886,7.769834,,
1.3696547,59.36251,33.48048,11.136149,,
1.5188642,106.826164,56.96001,18.81425,,
1.5188642,106.826164,56.96001,18.81425,,
1.5188642,106.826164,56.96001,18.81425,,
1.9210064,97.19917,49.882965,18.91177,,
1.380277,75.92075,40.19509,12.986457,,
1.380277,75.92075,40.19509,12.986457,,
22.318882,154.69142,82.42958,24.041264,,
400.1809,571.92346,486.34433,27.937,,
24.089495,255.90967,138.05484,51.19341,,
4.114803,127.228455,59.33573,24.436646,,
1.2836924,106.84879,42.838688,23.0802,,
38.82815,169.02582,101.80501,19.995522,,
2.0916934,72.80478,31.076313,18.738394,,
1.8343468,127.10414,60.24239,27.007809,,
1.545028,142.60315,67.23005,28.451468,,
1.1738473,92.29151,34.008457,19.245659,,
155.56866,216.98096,180.89293,9.7835655,,
155.56866,216.98096,180.89293,9.7835655,,
1.0894451,56.32816,24.396616,8.65029,,
23.931345,267.56516,155.37997,46.102768,,
18.032927,70.75825,39.576202,11.769765,,
18.032927,70.75825,39.576202,11.769765,,
3.8945408,72.976685,41.311077,13.28684,,
1.4479715,46.075806,16.270845,10.426004,,
9.004143,77.03252,39.086525,13.87453,,
9.004143,77.03252,39.086525,13.87453,,
430.3399,601.7356,528.8762,40.08545,,
0.89465845,101.40998,36.858894,15.733088,,
180.07935,280.74417,227.3749,17.624102,,
1.670441,38.19196,15.081146,6.182467,,
46.895267,178.34103,108.557655,24.71351,,
18.642092,89.57417,49.25937,15.5514345,,
4.2653275,56.189037,25.084585,8.6376705,,
4.2653275,56.189037,25.084585,8.6376705,,
21.001213,85.69342,54.030186,9.628041,,
4.8051324,86.96781,41.198498,16.457361,,
7.9979835,38.224304,20.041323,7.199031,,
0.51122,54.689987,22.071907,10.017293,,
0.51122,54.689987,22.071907,10.017293,,
1.0865605,51.164707,23.813889,9.648053,,
16.80322,97.85709,48.77654,13.6831875,,
20.86338,82.13731,46.73124,11.264897,,
19.732426,121.66565,71.00413,17.390057,,
2.0848162,94.58093,48.98637,17.103306,,
2.0848162,94.58093,48.98637,17.103306,,
19.102114,65.339226,37.933094,10.088199,,
19.102114,65.339226,37.933094,10.088199,,
12.4084635,111.16728,53.532276,20.539137,,
26.809484,192.28265,87.6018,32.53156,,
26.809484,192.28265,87.6018,32.53156,,
23.797964,147.64934,87.14729,22.876684,,
8.496554,138.23718,63.766224,21.696672,,
8.496554,138.23718,63.766224,21.696672,,
0.5633024,129.68294,52.27062,21.780941,,
91.21208,160.95857,124.557556,15.324415,,
4.51177,97.38416,35.854424,15.963327,,
4.0211983,98.70113,47.02493,16.655512,,
120.02423,266.34177,192.11304,24.833988,,
267.76627,434.345,348.8423,30.934761,,
16.275505,143.00531,83.16566,19.846281,,
34.202038,142.0053,92.27961,17.281494,,
16.145834,121.9579,71.946846,16.083088,,
3.6126497,163.27763,75.856766,31.390915,,
13.908259,165.19174,96.39717,27.017319,,
44.95742,95.405205,72.44103,10.5851555,,
44.95742,95.405205,72.44103,10.5851555,,
34.396507,112.729645,71.15555,14.437872,,
2.1624744,54.86191,31.82549,9.711332,,
2.0491242,92.83331,49.149685,15.874655,,
22.491982,70.905624,48.32901,8.411057,,
22.491982,70.905624,48.32901,8.411057,,
9.227754,47.71224,29.585098,7.2742114,,
46.437363,63.84249,55.289497,3.806852,,
5.3209796,62.19382,35.924957,10.8477545,,
7.7897577,67.43167,30.410543,10.067984,,
25.661655,159.2703,88.55918,29.87201,,
8.310095,111.013824,51.59465,21.40781,,
323.68973,423.1063,372.93613,23.879215,,
41.96024,180.93805,115.71725,30.56277,,
288.53806,414.75742,360.81927,28.14598,,
288.53806,414.75742,360.81927,28.14598,,
16.495352,66.66022,43.34369,9.045369,,
22.065088,71.51218,42.70405,9.142609,,
24.540108,61.007896,43.29037,7.5454845,,
34.362488,268.6867,155.04686,46.18088,,
67.51886,269.54785,158.34479,40.376053,,
67.51886,269.54785,158.34479,40.376053,,
166.16466,369.68314,280.05234,39.060894,,
157.02754,237.48366,195.54396,15.255839,,
358.2987,454.2473,407.62537,18.388815,,
13.276695,96.7316,43.22483,15.017848,,
13.664916,189.28662,89.08831,30.0988,,
8.73683,75.961975,42.47014,11.069206,,
11.727256,84.43649,45.673973,14.285414,,
11.727256,84.43649,45.673973,14.285414,,
0.2954239,57.33752,27.719267,9.664914,,
10.645402,55.583645,31.68971,8.398301,,
0.8062335,63.325676,26.031034,10.595924,,
1.711845,68.371544,31.488111,10.9418955,,
0.68369913,58.02678,24.551073,9.237959,,
30.398584,75.459755,52.310337,7.7452397,,
30.398584,75.459755,52.310337,7.7452397,,
2.1694005,40.167877,17.18926,7.9239955,,
1.5915617,29.604382,12.898804,5.4851375,,
1.6060677,86.1976,41.40452,15.322309,,
37.610157,137.13475,88.88855,15.64415,,
2.121411,47.760868,24.616985,8.616312,,
17.184633,101.39184,47.841328,17.345613,,
17.184633,101.39184,47.841328,17.345613,,
2.1425042,210.01807,106.02326,37.765236,,
2.1425042,210.01807,106.02326,37.765236,,
2.1425042,210.01807,106.02326,37.765236,,
4.7048388,52.75079,26.358377,8.00125,,
63.88624,134.86234,101.23241,11.410484,,
75.89354,154.27025,114.02693,12.124044,,
244.21786,507.2598,371.7767,57.25066,,
244.21786,507.2598,371.7767,57.25066,,
261.57578,495.9475,378.48734,64.74371,,
4.961009,146.29903,65.13721,20.503725,,
316.9578,560.6901,452.16678,38.492867,,
342.2549,587.51666,441.94003,41.649326,,
4.6916323,368.18884,144.44292,73.52033,,
4.6916323,368.18884,144.44292,73.52033,,
332.64926,667.7637,467.34143,69.22222,,
0.521515,46.874554,17.846771,7.4268684,,
25.088713,197.83536,120.73827,34.82646,,
0.735342,83.61694,36.429523,14.740098,,
1.290938,84.48029,36.804893,13.250261,,
188.00064,261.35837,225.03696,14.013119,,
140.88643,272.36108,210.965,23.44129,,
140.88643,272.36108,210.965,23.44129,,
0.3967207,154.9886,62.07155,27.49849,,
1.4209495,139.07997,76.95136,26.807642,,
0.9940532,109.51794,52.629925,21.44182,,
0.42956218,119.15317,53.297382,19.789257,,
0.6163097,115.383095,61.140404,20.407911,,
0.6163097,115.383095,61.140404,20.407911,,
4.4833317,79.15094,32.460846,11.698483,,
26.95593,153.96973,88.55697,19.344772,,
17.25845,142.7056,85.330475,17.620699,,
1.131395,131.10977,64.13732,20.770576,,
48.10643,146.99174,97.04585,17.514812,,
12.701395,108.28472,57.962173,15.452576,,
3.5415316,109.85406,49.609543,17.003899,,
4.871708,133.61357,65.18826,27.230682,,
16.86625,161.61798,90.86308,28.250511,,
309.81238,402.36884,355.19717,15.274359,,
345.8371,405.4142,375.8107,11.925105,,
83.77161,191.13474,145.41301,19.656599,,
4.2671113,90.7512,36.514942,13.246554,,
4.972301,120.91751,57.42648,17.372145,,
341.7264,401.14136,371.27164,13.379532,,
5.7409196,143.86919,69.085945,23.985884,,
303.3196,393.51593,346.79343,16.264696,,
51.29638,147.20204,107.87781,17.657354,,
298.87482,397.4548,347.09366,14.948939,,
308.34888,419.62823,362.6048,21.336435,,
10.918826,60.78289,40.641098,9.109765,,
231.37158,302.7538,263.50314,14.37938,,
258.73068,363.27155,308.65903,16.295715,,
76.39067,172.21889,125.39319,13.811095,,
52.015842,179.87015,128.18982,23.184563,,
44.04479,130.30276,91.96304,13.359833,,
5.1697917,129.08932,63.74412,20.39729,,
5.303815,158.5855,85.29752,25.907854,,
345.9142,424.92325,386.25592,19.018095,,
345.9142,424.92325,386.25592,19.018095,,
345.9142,424.92325,386.25592,19.018095,,
0.5794383,61.632954,31.044884,11.204496,,
57.640556,258.08313,158.44536,40.43908,,
78.68403,249.12065,166.62276,39.595337,,
3.4747162,147.66238,59.76399,21.095858,,
300.34805,368.1445,331.82947,12.116387,,
21.309988,117.09763,69.44319,15.142408,,
5.738567,83.106674,47.050056,12.920814,,
104.97262,202.77548,153.39073,17.087051,,
9.157836,94.183235,49.401623,14.506097,,
0.25616696,69.69495,30.902426,11.862358,,
0.25616696,69.69495,30.902426,11.862358,,
0.25616696,69.69495,30.902426,11.862358,,
0.25616696,69.69495,30.902426,11.862358,,
0.25616696,69.69495,30.902426,11.862358,,
50.306557,125.55684,90.5275,13.178107,,
50.306557,125.55684,90.5275,13.178107,,
23.853224,107.48309,65.48872,13.10108,,
36.258045,190.016,114.39794,41.610596,,
5.4998,106.07229,46.54514,15.819057,,
17.141687,131.53027,78.77485,18.60442,,
23.155851,111.60983,72.10951,16.329987,,
37.066406,123.83654,79.89633,14.729977,,
5.22505,93.3708,51.378757,18.304216,,
7.2050676,126.47451,84.38812,17.882086,,
154.92201,214.90561,188.3548,14.720647,,
27.367916,119.980385,71.45272,13.958151,,
147.35977,209.41719,173.76118,12.450586,,
25.446213,123.74547,75.752495,15.709389,,
7.7822847,99.362175,49.93615,14.014327,,
6.3781033,117.04236,65.435684,18.799635,,
4.5738077,85.60947,43.551723,12.447724,,
70.21229,138.89114,104.62755,11.32026,,
4.8629274,84.779915,35.655373,12.7478285,,
45.458508,126.41406,86.44967,14.258623,,
5.608602,109.03448,43.60024,16.433012,,
5.608602,109.03448,43.60024,16.433012,,
5.608602,109.03448,43.60024,16.433012,,
364.22794,522.01587,435.91165,26.533352,,
5.4600844,85.33871,36.37214,13.516776,,
367.63608,463.4228,413.7031,17.965282,,
471.31693,592.956,529.93286,19.749956,,
4.3842196,144.52933,66.7977,23.791733,,
74.89905,203.65334,140.19975,24.488565,,
292.4928,417.1971,356.4041,21.015894,,
78.98853,198.41989,145.55386,15.074732,,
315.38513,411.40094,362.0918,17.813545,,
341.06802,494.9505,413.65936,23.650503,,
341.06802,494.9505,413.65936,23.650503,,
299.18146,437.67532,367.94226,24.14107,,
49.70989,175.18698,108.10989,19.825365,,
49.70989,175.18698,108.10989,19.825365,,
361.24673,471.27634,415.95712,18.758808,,
315.83182,446.48477,375.62762,21.40563,,
315.83182,446.48477,375.62762,21.40563,,
5.8218727,120.00837,54.26331,18.568699,,
124.87468,181.15016,151.65056,10.849492,,
11.589739,112.243904,65.65259,23.59385,,
0.4522554,173.84804,70.09911,31.686487,,
37.406452,126.84455,78.13722,16.972174,,
754.0651,865.8504,809.3853,18.695448,,
0.68612754,124.77287,64.470314,22.652323,,
1.2982947,87.16249,32.808567,14.815459,,
35.584484,196.84366,126.42259,32.96486,,
33.23482,231.94528,134.62741,40.62514,,
53.31821,251.62436,158.91713,38.671474,,
53.31821,251.62436,158.91713,38.671474,,
53.31821,251.62436,158.91713,38.671474,,
53.31821,251.62436,158.91713,38.671474,,
53.31821,251.62436,158.91713,38.671474,,
53.31821,251.62436,158.91713,38.671474,,
14.094662,57.623592,36.79701,9.666811,,
24.02959,59.409424,41.984093,7.2118964,,
21.509153,103.47829,72.31355,15.222113,,
20.499622,63.797157,40.272964,8.173269,,
0.6767636,70.58918,23.500475,9.77025,,
0.95030725,123.04479,48.192657,22.447493,,
203.25723,311.92084,257.42355,19.449102,,
203.25723,311.92084,257.42355,19.449102,,
203.25723,311.92084,257.42355,19.449102,,
203.25723,311.92084,257.42355,19.449102,,
21.37447,132.7555,84.55219,17.904894,,
0.6427573,46.275684,21.32176,8.22466,,
1.3708785,115.580086,51.320038,19.098475,,
1.0245441,58.065887,20.893618,9.960086,,
1.4943085,46.719006,18.087692,7.720551,,
1.0452604,57.40909,25.01509,9.155454,,
1.9437466,79.55077,41.500977,11.923614,,
101.660866,232.25339,171.84824,22.055994,,
34.13271,126.006355,75.97465,17.291203,,
1.0540984,110.49048,45.121685,16.57214,,
4.276566,74.409485,38.58361,11.034142,,
294.3512,361.6865,328.9822,12.173232,,
4.276566,74.409485,38.58361,11.034142,,
0.70952797,60.538708,28.713549,10.032298,,
28.701492,69.6833,50.745697,7.5182858,,
1.4910434,68.54594,35.6021,14.3378935,,
0.72970647,87.24971,45.1433,12.56384,,
1.0224543,84.43003,36.834126,12.639298,,
131.36594,189.92624,164.20728,9.897192,,
1.0509449,59.615974,25.410892,9.286705,,
4.2380834,137.44817,63.48546,26.516336,,
4.2380834,137.44817,63.48546,26.516336,,
20.547523,143.25998,82.74023,26.596884,,
20.547523,143.25998,82.74023,26.596884,,
20.547523,143.25998,82.74023,26.596884,,
20.547523,143.25998,82.74023,26.596884,,
13.202731,409.77664,197.80206,89.666275,,
5.299765,170.23787,76.92735,39.19567,,
555.2602,665.05164,632.113,17.405159,,
5.381339,173.1242,83.3479,43.49701,,
114.703636,449.76364,270.2558,74.45432,,
4.79439,168.84459,82.97048,41.26198,,
4.79439,168.84459,82.97048,41.26198,,
282.39435,413.07822,345.60773,21.142315,,
4.968986,115.87114,50.77669,18.369774,,
4.968986,115.87114,50.77669,18.369774,,
4.968986,115.87114,50.77669,18.369774,,
0.6190527,89.41117,36.616592,15.092928,,
0.6190527,89.41117,36.616592,15.092928,,
151.949,207.36061,176.20436,9.439124,,
116.39952,210.71718,161.57867,18.462975,,
62.921192,88.918724,74.4146,5.868444,,
62.921192,88.918724,74.4146,5.868444,,
0.7090578,38.24086,16.55191,7.9628677,,
0.7090578,38.24086,16.55191,7.9628677,,
62.921192,88.918724,74.4146,5.868444,,
62.921192,88.918724,74.4146,5.868444,,
0.7090578,38.24086,16.55191,7.9628677,,
0.7090578,38.24086,16.55191,7.9628677,,
0.36685818,81.21074,30.77353,12.585798,,
0.8566064,47.093887,21.868929,8.178144,,
0.8566064,47.093887,21.868929,8.178144,,
0.70776707,108.61338,47.47313,17.550512,,
335.44403,401.56088,369.10547,10.942211,,
2.235984,79.392815,35.68856,14.2509,,
10.542379,133.18846,70.62511,20.10059,,
4.978278,133.26024,64.37424,23.863596,,
7.85183,93.79175,54.85085,15.091445,,
4.0672107,140.28665,65.839264,23.663853,,
4.0672107,140.28665,65.839264,23.663853,,
4.0672107,140.28665,65.839264,23.663853,,
0,63.1944,23.81981,11.757168,,
0.6936907,60.542755,21.96117,9.638534,,
4.9391947,72.67136,41.05253,11.976391,,
1.4941659,42.399384,15.803172,8.129217,,
5.594427,131.39842,76.54227,18.581367,,
0.5810941,93.50532,49.204243,18.368534,,
0.5810941,93.50532,49.204243,18.368534,,
2.8935459,114.96719,59.482185,16.153465,,
6.816702,145.1629,80.034164,22.42304,,
4.5650525,164.08101,72.16472,31.861412,,
4.831128,179.90324,90.48392,28.806744,,
6.316174,179.47643,85.20559,22.05954,,
5.83204,180.13116,85.999886,24.378777,,
0.54813343,212.79764,97.35051,51.87238,,
4.487867,169.11562,79.112526,42.267826,,
5.395107,161.97902,87.02645,25.643057,,
4.7096243,162.25717,66.53572,29.936827,,
15.388687,183.3879,90.06233,27.855896,,
16.637196,203.21233,104.60055,32.24199,,
27.31325,199.44717,114.10283,25.400372,,
4.2307534,149.18156,62.418415,19.149765,,
6.1768613,179.78651,79.79908,29.636086,,
4.868766,183.24188,77.199356,25.24569,,
12.586876,196.98616,94.95751,35.372852,,
5.577882,226.16368,110.65468,35.33869,,
4.314337,213.73637,96.587265,38.259396,,
37.910297,231.22667,120.032005,34.62704,,
13.756456,167.98093,87.93101,25.034761,,
4.8220396,161.4174,87.47034,23.967144,,
1.8184536,221.59764,98.21303,56.619217,,
147.49551,202.56587,176.3832,10.609952,,
3.7073205,148.87276,63.838142,24.989399,,
24.70008,193.77036,113.58445,30.625149,,
8.330758,156.10402,82.47294,20.184383,,
238.50336,392.57047,325.04742,29.533377,,
256.0205,469.8148,365.80994,38.801514,,
319.62192,409.7796,362.59186,14.199426,,
0.91939855,107.378914,51.835293,21.456152,,
42.81529,103.330284,71.86674,9.49703,,
205.8229,339.93094,273.44553,23.27111,,
10.970609,117.52437,62.66133,16.231197,,
1.833766,111.5761,52.478012,21.435633,,
1.2043959,145.03091,78.07444,26.32536,,
1.2043959,145.03091,78.07444,26.32536,,
1.2043959,145.03091,78.07444,26.32536,,
0.79262406,144.28586,71.26195,30.613255,,
0.38299635,69.42161,21.964527,10.027646,,
8.1794,149.90472,74.8882,28.8956,,
40.793377,184.20049,117.17718,27.41281,,
1.2904488,80.97431,30.186544,12.031458,,
1.2904488,80.97431,30.186544,12.031458,,
0.8190248,48.59805,18.299765,7.2897344,,
1.767214,57.23299,27.847998,10.076723,,
1.8331506,50.08681,22.10683,8.524525,,
1.6873267,94.63472,39.0547,14.626436,,
1.6236851,82.328766,37.952328,11.752469,,
357.5229,455.57855,410.33435,18.689844,,
357.5229,455.57855,410.33435,18.689844,,
357.5229,455.57855,410.33435,18.689844,,
357.5229,455.57855,410.33435,18.689844,,
357.5229,455.57855,410.33435,18.689844,,
357.5229,455.57855,410.33435,18.689844,,
357.5229,455.57855,410.33435,18.689844,,
23.364304,167.02158,103.92743,25.422922,,
20.791954,168.29013,81.86863,19.538181,,
22.115465,119.36752,72.46581,16.290289,,
35.41329,143.46317,80.921394,21.382797,,
7.9258337,71.82777,38.737133,9.6365795,,
26.620903,119.45948,74.43596,17.231283,,
1.7507676,148.85526,70.22452,25.888647,,
22.115465,119.36752,72.46581,16.290289,,
35.41329,143.46317,80.921394,21.382797,,
7.9258337,71.82777,38.737133,9.6365795,,
26.620903,119.45948,74.43596,17.231283,,
1.7507676,148.85526,70.22452,25.888647,,
34.36084,143.53648,90.32774,18.783873,,
14.789486,130.84128,75.568756,17.049204,,
4.213895,91.46885,44.229794,17.157906,,
1.125664,84.134155,28.383633,13.615837,,
31.434408,102.55311,67.517365,12.529564,,
16.474836,82.478516,49.220055,11.587801,,
16.474836,82.478516,49.220055,11.587801,,
16.474836,82.478516,49.220055,11.587801,,
16.474836,82.478516,49.220055,11.587801,,
4.88486,130.4373,73.07497,18.955202,,
4.88486,130.4373,73.07497,18.955202,,
4.88486,130.4373,73.07497,18.955202,,
4.88486,130.4373,73.07497,18.955202,,
4.88486,130.4373,73.07497,18.955202,,
4.88486,130.4373,73.07497,18.955202,,
4.88486,130.4373,73.07497,18.955202,,
4.88486,130.4373,73.07497,18.955202,,
4.88486,130.4373,73.07497,18.955202,,
4.88486,130.4373,73.07497,18.955202,,
4.88486,130.4373,73.07497,18.955202,,
4.88486,130.4373,73.07497,18.955202,,
4.88486,130.4373,73.07497,18.955202,,
4.88486,130.4373,73.07497,18.955202,,
4.88486,130.4373,73.07497,18.955202,,
4.88486,130.4373,73.07497,18.955202,,
4.88486,130.4373,73.07497,18.955202,,
4.88486,130.4373,73.07497,18.955202,,
4.88486,130.4373,73.07497,18.955202,,
4.88486,130.4373,73.07497,18.955202,,
4.88486,130.4373,73.07497,18.955202,,
4.88486,130.4373,73.07497,18.955202,,
4.88486,130.4373,73.07497,18.955202,,
4.88486,130.4373,73.07497,18.955202,,
4.88486,130.4373,73.07497,18.955202,,
4.88486,130.4373,73.07497,18.955202,,
4.88486,130.4373,73.07497,18.955202,,
4.88486,130.4373,73.07497,18.955202,,
4.88486,130.4373,73.07497,18.955202,,
4.88486,130.4373,73.07497,18.955202,,
4.88486,130.4373,73.07497,18.955202,,
4.88486,130.4373,73.07497,18.955202,,
4.88486,130.4373,73.07497,18.955202,,
4.88486,130.4373,73.07497,18.955202,,
10.012877,177.79175,101.23845,33.550552,,
63.133125,228.73462,160.45091,27.96421,,
29.702745,146.95268,85.946144,18.551754,,
62.246544,213.05879,134.89467,26.766603,,
278.6644,361.87024,316.65723,14.683327,,
21.050444,159.22133,84.34885,24.93907,,
21.050444,159.22133,84.34885,24.93907,,
294.61523,378.68497,332.6091,14.6537075,,
1.6034402,66.075775,29.845003,11.849245,,
294.61523,378.68497,332.6091,14.6537075,,
1.6034402,66.075775,29.845003,11.849245,,
1.59377,104.596275,55.43591,15.758777,,
48.479725,120.924835,86.71595,11.969231,,
105.855385,177.645,134.86792,11.761934,,
105.855385,177.645,134.86792,11.761934,,
105.855385,177.645,134.86792,11.761934,,
105.855385,177.645,134.86792,11.761934,,
7.2406816,112.131,53.75232,25.745186,,
7.2406816,112.131,53.75232,25.745186,,
7.2406816,112.131,53.75232,25.745186,,
7.2406816,112.131,53.75232,25.745186,,
7.2406816,112.131,53.75232,25.745186,,
7.2406816,112.131,53.75232,25.745186,,
7.2406816,112.131,53.75232,25.745186,,
7.2406816,112.131,53.75232,25.745186,,
7.2406816,112.131,53.75232,25.745186,,
7.2406816,112.131,53.75232,25.745186,,
175.281,369.6021,271.3726,37.933426,,
175.281,369.6021,271.3726,37.933426,,
13.473732,89.13592,51.61544,11.560736,,
4.23624,103.01659,52.233444,15.705915,,
39.79378,127.93712,82.912964,13.460964,,
11.615262,69.91695,42.611595,10.398209,,
1084.7908,1228.146,1161.9873,31.111954,,
24.657963,112.16747,74.83439,14.189998,,
34.458496,141.39604,82.856705,18.130995,,
4.130489,143.09753,74.26555,31.686306,,
4.130489,143.09753,74.26555,31.686306,,
4.130489,143.09753,74.26555,31.686306,,
4.130489,143.09753,74.26555,31.686306,,
0.95138836,152.10869,61.538773,21.930653,,
50.634663,82.66681,68.082756,6.9418087,,
14.93792,96.96252,53.895638,13.33978,,
14.93792,96.96252,53.895638,13.33978,,
14.93792,96.96252,53.895638,13.33978,,
14.93792,96.96252,53.895638,13.33978,,
0.36254343,192.3449,84.33451,33.521175,,
0.3577775,208.48476,92.717834,40.888126,,
0.3577775,208.48476,92.717834,40.888126,,
0.3577775,208.48476,92.717834,40.888126,,
201.51837,332.24985,269.9381,22.443651,,
201.51837,332.24985,269.9381,22.443651,,
288.94666,538.80475,398.27338,48.223156,,
76.93419,212.91527,147.7979,21.374292,,
49.29667,130.21701,81.24575,14.124166,,
5.0786023,68.40801,28.723513,12.928432,,
43.142155,136.25874,82.22299,15.727675,,
43.142155,136.25874,82.22299,15.727675,,
4.9143567,124.69984,55.92765,20.8582,,
15.405666,113.35256,68.75816,15.94977,,
49.29667,130.21701,81.24575,14.124166,,
5.0786023,68.40801,28.723513,12.928432,,
43.142155,136.25874,82.22299,15.727675,,
43.142155,136.25874,82.22299,15.727675,,
4.9143567,124.69984,55.92765,20.8582,,
15.405666,113.35256,68.75816,15.94977,,
4.3354225,221.06035,110.863625,37.66421,,
24.405735,101.87383,60.4307,12.912899,,
4.5219646,147.65855,65.54604,22.87376,,
8.512429,175.10011,85.47346,24.101467,,
96.57822,237.09047,168.18068,23.699362,,
